abacus	🧮
abashed	😳
abbey	⛪
abdomen	🫃
abode	🏠
abort	🛑
above	⬆️
abseiling	🧗
absurd	🤡
abudhabi	🇦🇪
abuja	🇳🇬
abundance	🍀
abyss	🕳️
ac	🌡️
academic	📚
academy	🏫
accede	🤝
accent	🗣️
accept	🫴
access	🔑
acclaim	🌟
acclaim	👏
accolade	🏅
accomplish	🏁
accomplishment	🎓
account	🏦
account	📖
accountant	🧑‍💼
accountant	🧾
accounting	📊
accra	🇬🇭
accuracy	💯
ace	🎾
achieve	🏁
achievement	🎓
acid	⚗️
acknowledgment	🙇
acorn	🌰
acoustic	🎸
acoustics	📡
acquaintance	🤝
acquaintance	🧑‍🤝‍🧑
acquisition	🤝
acrobat	🎪
acrobatics	🤸
across	↔️
acrylic	🎨
act	📜
acting	🎭
activewear	🎽
activism	📢
actor	🎭
actress	🎭
actuality	✅
actuary	💰
actuator	🦾
acumen	🧠
adage	💬
adapter	🔌
add	➕
adder	🐍
addisababa	🇪🇹
addition	➕
administration	🏴
administrator	🧑‍💼
admittance	🔑
adopted	👨‍👨‍👦
adoption	👨‍👨‍👦
adoration	🥰
adore	🥰
adoring	💖
adrenaline	🎢
adult	🧑
advancement	🌱
adventure	🎢
adventurer	🧑‍🚀
adversity	🧗
advertising	📣
advocate	👩‍⚖️
aeronautics	🛰️
aeroplane	✈️
aerospace	🛰️
affair	⏰
affection	🥰
affection	🫂
affectionate	🥰
affidavit	🧑‍⚖️
affirmation	👍
affluence	🍀
africa	🌍
afrikaans	🇿🇦
afterlife	😇
aftermath	⚖️
afternoon	🌇
agave	🌵
age	🕰️
agency	🏤
agenda	📋
agent	🕵️
aghast	😱
agility	🏃
agonized	😖
agony	😖
agree	🤝
agreement	👍
agreement	🤝
agriculture	🚜
ahead	⏲️
ahead	➡️
ai	🧠
aid	🤝
ailment	🩺
aim	🎯
aim	🧭
airbus	✈️
airconditioner	🌡️
aircraft	✈️
airforce	🎖️
airliner	✈️
airplane	✈️
airport	🛫
airwave	📻
airy	🪶
alabaster	⚪
alacrity	🏃
alarm	😨
alarm	🧯
alarmed	😨
album	💿
ale	🍺
alehouse	🍺
alert	🚨
algae	🌊
algebra	📐
algorithm	🧠
alight	🛬
allegiance	🤝
allergic	🤧
allergy	🤧
alleviate	🩹
alliance	🤝
alligator	🐊
allotment	🌻
allowance	💼
alloy	🔩
alloy	🧴
allure	✨
ally	🧑‍🤝‍🧑
almond	🌰
aloe	🌵
alp	⛰️
alphabet	🈶
alphabet	🔤
alpine	🏔️
altar	🛕
altruism	🤲
aluminium	⬜
alumni	🧑‍🎓
alumnus	🧑‍🎓
alveoli	🫁
always	🔄
amazon	🇧🇷
ambassador	🧑‍⚖️
amber	🔶
amber	🟠
amber	🟡
ambition	🎯
ambition	🧭
ambivalence	❓
ambivalence	🤷
amble	🚶
ambulance	🏥
ambulancedriver	🚑
ambush	⚔️
amendment	📜
america	🇺🇸
american	🇺🇸
americanfootball	🏈
americano	☕
americas	🌎
amethyst	🟣
amethyst	🟪
amharic	🇪🇹
amman	🇯🇴
ammunition	💥
amount	📊
amphibian	🐸
amphitheatre	🏟️
amplification	🔊
amplifier	🎚️
amplitude	🌊
ampoule	🧴
amsterdam	🇳🇱
amulet	🪬
amused	😆
amusement	🎡
amusement	😆
anaconda	🐍
analysis	🔬
analyst	👨‍💻
analytics	📊
anatolia	🇹🇷
ancestor	🎎
ancestry	👪
anchor	⚓
anchor	🪝
anchovy	🐟
ancient	🗿
andes	🇨🇱
android	🤖
anecdote	📖
anemone	🪸
anesthetist	⚕️
angel	👼
angelfish	🐠
anger	😡
angle	📐
angling	🎣
angryimp	👿
anguish	😢
anguish	😭
anguished	😧
anguished	😭
animal	🐾
animator	🎨
animosity	😡
ankara	🇹🇷
ankle	🦶
anniversary	🎂
announce	📢
announce	🗣️
announcement	📢
announcement	🔊
announcer	🎙️
annoyance	😠
annuity	🏦
anonymity	👤
anorak	🧥
answer	💬
answer	🗝️
ant	🐜
antacid	💊
antarctica	🌍
antelope	🦌
antenna	📡
anthill	🐜
anthology	📚
antibiotic	💊
antibody	🩺
anticipation	🤞
antiquity	🗿
antiseptic	🧴
antivirus	🔒
anxiety	🌡️
anxiety	😰
anxious	😰
aorta	🫀
apartment	🏢
apathetic	😑
apathy	💤
apathy	😑
ape	🐒
aperture	📸
apex	🔝
aphid	🐛
aphid	🐜
api	🔗
apiary	🐝
apoplectic	🤬
app	📲
apparatus	📦
apparel	👕
apparition	👻
append	➕
appendix	📑
appetite	🍽️
applaud	👏
apple	🍎
application	📋
appointment	🗓️
appraise	⚖️
appreciation	🙇
appreciation	🙏
appreciative	🙏
apprehension	😟
apprehension	😰
apprehensive	😟
apprentice	🧑‍🎓
approach	🛠️
approval	👍
apricot	🍇
apricot	🟠
april	🗓️
apron	🧑‍🍳
aqua	💧
aquamarine	🟦
aqueduct	🌉
aquifer	💧
arabia	🇸🇦
arabian	🇸🇦
arabic	🇸🇦
arachnid	🕷️
arbor	🌷
arcade	🎮
arcade	🏬
arcadegame	🕹️
arch	🦶
archer	🏹
archery	🏹
archipelago	🏝️
archive	🏛️
archive	🗄️
archivist	📚
arctic	🌍
ardor	🔥
area	🌍
arena	🏟️
argentina	🇦🇷
argentine	🇦🇷
argument	🗯️
arid	🏜️
aridity	🏜️
arise	⏰
arithmetic	🔢
arm	💪
armchair	🪑
armistice	🕊️
armoire	🗄️
armor	🛡️
armour	🛡️
army	🎖️
around	🔄
arrangement	⚖️
arrest	🚔
arrive	🛬
arrow	🏹
art	🎨
artery	🩸
artgallery	🖼️
arthropod	🐛
artichoke	🥦
article	🗞️
articulation	🗣️
artificialintelligence	🧠
artillery	🪖
artisan	🛠️
artist	🎨
arugula	🥬
ascend	🧗
ash	🔥
ash	🩶
asia	🌏
ask	❓
asparagus	🥦
aspect	🧩
aspiration	🧭
assault	⚔️
assemble	🔨
assembler	🧑‍🏭
assembly	🏛️
assembly	👯
assent	🤝
assess	⚖️
assessment	✅
asset	⚖️
assignment	📝
assist	🤝
association	🔗
assortment	🧰
assurance	✅
assurance	🌈
assured	😎
aster	🏵️
asteroid	💫
asthma	🫁
astonished	😯
astonished	😲
astronaut	👨‍🚀
astronomer	🔭
astronomy	🔭
astronomyclass	🔭
astrophysics	🔭
asylum	🛂
atelier	🖼️
athens	🇬🇷
athlete	🏋️
atlantic	🌎
atlas	🗺️
atmosphere	🌤️
atoll	🏝️
atom	⚗️
atomic	⚛️
atrium	⛲
attach	➕
attach	🔗
attach	🧷
attache	💼
attachment	🖇️
attack	⚔️
attainment	🎓
attention	👂
attic	🏠
attire	👕
attorney	👩‍⚖️
attract	🧲
attribute	🧩
aubergine	🍆
auckland	🇳🇿
audit	📊
audition	🎭
audition	👂
auditor	🧑‍💼
auditor	🧾
augment	➕
august	🗓️
aunt	👨‍👩‍👧‍👦
aurora	🌅
aussie	🇦🇺
australia	🇦🇺
australian	🇦🇺
austria	🇦🇹
austrian	🇦🇹
authentication	🔑
author	✍️
autobahn	🛣️
autograph	✍️
automated	🤖
automaton	🤖
automobile	🚗
autonomy	🌍
autumn	🍁
autumn	🍂
avalanche	🏔️
avarice	💰
aviary	🐦
aviator	🧑‍✈️
avoid	🏃
awaken	⏰
award	🏅
awe	😲
awestruck	😲
awkward	😬
axe	🪓
axle	⚙️
azalea	🌺
aztec	🇲🇽
azure	🔵
baboon	🐒
baby	👶
bachelor	🧑‍🎓
back	↩️
backbone	🦿
backpack	🎒
backpack	🧳
backstroke	🏊
backup	💾
backward	↩️
bacon	🥓
bacteria	🩺
bactrian	🐫
badge	🪙
badger	🦡
badlands	🏜️
badminton	🏸
baffled	😕
bagel	🥯
baggage	🧳
baghdad	🇮🇶
baguette	🍞
baguette	🥖
baguette	🥪
bailiff	⚖️
bait	🎣
baker	🛍️
baker	🧑‍🍳
balaclava	🧢
balance	☯️
balance	⚖️
balance	📊
balance	🧘
balcony	🚪
baleen	🐋
baler	🚜
bali	🇮🇩
balkans	🌍
ballast	⚖️
baller	⛹️
ballerina	💃
ballet	💃
balletshoes	🩰
ballista	🎯
balloon	🎈
ballot	🗳️
ballpark	🏟️
ballpoint	🖊️
balm	🧴
baltic	🌍
balustrade	🪜
banana	🍌
band	💍
bandage	🩹
bangkok	🇹🇭
bangladesh	🇧🇩
bangladeshi	🇧🇩
banister	🪜
banjo	🎸
bank	🏦
banker	💰
banking	🏦
banknote	💵
banner	🏳️
banquet	🍽️
bantam	🐓
bar	🍺
barbell	🏋️
barber	💇
barbershop	💈
barcelona	🇪🇸
bark	🪵
barley	🌾
barn	🏚️
barn	🏡
barracks	👮
barracuda	🐟
barrel	🛢️
barren	🏜️
barricade	🚧
barricade	🛡️
barrister	👩‍⚖️
bars	📶
bartlett	🍐
basalt	🧱
base	⚗️
base	🔽
baseball	⚾
baseballcap	🧢
basejump	🪂
baseline	🎾
basement	🧊
bash	🎉
bash	👊
basilica	⛪
basin	🚰
basket	🧺
basketball	🏀
basque	🇪🇸
bass	🎸
bass	🐟
bassdrum	🥁
bassoon	🎷
bat	🦇
bath	🚿
bathroom	🚿
bathtub	🚿
bathtub	🛁
baton	🏏
batsman	🏏
battalion	🎖️
batter	⚾
battery	🔋
battery	🪫
battle	⚔️
battlement	🏰
battleship	🚢
bavaria	🇩🇪
bawl	😢
bawl	😭
bawling	😭
bay	🏖️
bayou	🌾
bazaar	🏬
beach	🏝️
bead	💧
beads	📿
beagle	🐕
beak	🐦
beaker	🧪
beam	🌟
beam	🏠
beam	🔦
beam	😁
beam	😊
beaming	😃
beaming	😊
bean	🫘
beanie	🧢
beans	🫘
beansprout	🌱
bear	🐻
bear	🤲
beard	🦰
bearing	⚙️
bearing	🧭
beast	🐾
beat	🎵
beat	🥄
beautician	💇
beauty	✨
beaver	🦫
beckon	👋
bed	🌻
bed	🛏️
bedbug	🐜
bedframe	🛏️
bedrock	🧱
bedroom	🛏️
bedsit	🏢
bee	🐝
beef	🍖
beehive	🐝
beekeeper	🧑‍🌾
beekeeping	🐝
beep	📟
beeper	📟
beer	🍺
beet	🥦
beetle	🐞
beetroot	🥦
begin	▶️
begonia	🌺
begrudge	😒
behind	↩️
beige	🟤
beijing	🇨🇳
beirut	🇱🇧
belated	🐌
belgian	🇧🇪
belgium	🇧🇪
belgrade	🇷🇸
belief	🕯️
belief	🧠
bell	🛎️
bellpepper	🫑
belly	🫃
beloved	🥰
below	⬇️
beluga	🐳
bemused	😕
bench	🏋️
bench	🪑
benchmark	🎯
beneath	⬇️
benediction	🙏
benevolence	❤️
benevolent	🫶
bengali	🇮🇳
bento	🍱
bereaved	😢
bereavement	😢
beret	🧢
berlin	🇩🇪
bermudas	🩳
bestow	🤝
betrayal	🎭
betta	🐠
betterment	🌱
betting	🎰
beverage	🥤
bewildered	😕
bewilderment	❔
bewitch	🪄
bib	🎽
bible	✝️
bicep	💪
bicker	🗯️
bicycle	🚲
bid	📋
bifocals	👓
big	🔎
bigtop	🎪
bike	🚲
biking	🚴
bikini	👙
bilberry	🫐
bilingual	🈶
bill	💵
bill	📜
bill	🧾
billfold	👛
billiards	🎱
billy	🐐
bin	🗑️
bind	🧷
bind	🪢
binder	📎
biochemistry	💊
biodiversity	🌐
biography	📖
biologist	👩‍🔬
biology	🧬
bionic	🦾
biplane	🛩️
bird	🐦
birdie	⛳
birdie	🐦
birthday	🎂
birthdaycake	🎂
biryani	🍛
biscuit	🍪
bishop	♟️
bishop	⛪
bison	🐄
bisque	🍲
bistro	🍽️
bit	🪛
bitter	😒
bitterness	😒
bittersweet	🥲
black	⚫
blackbean	🫘
blackberry	🫐
blackbird	🐦‍⬛
blackhole	🕳️
blackjack	🃏
blacksmith	🛠️
bladder	🦾
blade	⚔️
blade	✂️
blade	🪒
blank	😐
blast	💣
blaze	🔥
blazer	👔
blend	🥄
blessed	🙏
blessing	🌟
blessing	🙏
blight	🐛
blind	🪟
bliss	🎉
blithe	😊
blizzard	🌨️
block	🏢
block	🔷
block	🚧
block	🧊
blogger	✍️
bloke	👨
blood	🩸
bloom	🌱
bloom	🌹
blossom	🌸
blossom	🌹
blouse	👕
blouse	👚
blowfish	🐡
bludgeon	🏏
blue	🔵
blueberry	🫐
bluebird	🐦
bluebottle	🪰
bluegrass	🪕
blueprint	📋
bluetooth	📶
bluff	⛰️
bluray	📀
blush	💄
blush	🩷
blushing	😳
blustery	🌬️
bmx	🚵
bnb	🏨
boa	🐍
boar	🐗
board	🎲
boardgame	🎲
boardingpass	🎫
boardwalk	🏖️
boatswain	⚓
boba	🧋
bobbin	🧵
bobcat	🐆
bobsled	🛷
bodega	🏪
body	👤
bodywash	🧼
bog	🌾
bogey	⛳
bogota	🇨🇴
bohemia	🇨🇿
boil	♨️
boiler	♨️
bokchoy	🥬
boldness	🛡️
bolognese	🍝
bolt	⚡
bolt	🏃
bolt	🔒
bolt	🔩
bolt	🗝️
bomb	💣
bomber	🚁
bond	⚗️
bond	💹
bond	🔗
bondage	⛓️
bonding	🫂
bone	🦴
bongo	🪘
bonnet	👒
bonus	🤑
boogie	💃
bookcase	🗄️
booking	🏨
bookkeeper	🧑‍💼
bookkeeping	📊
bookmark	📑
books	📚
boomerang	🪃
boost	⬆️
booster	💉
boots	👢
border	🌷
border	🛂
boredom	💤
boredom	🥱
borough	🏙️
boss	👔
bot	🤖
botanist	👩‍🔬
botany	🌱
bottle	🧴
bottom	🔽
boulder	🧱
boulderfield	🧗
bouldering	🧗
bound	🤸
boundary	🏏
bounty	🍀
bouquet	🌹
bouquet	💐
bourbon	🥃
boutique	🏬
bovine	🐄
bow	🎀
bow	🎁
bow	🎻
bow	🏹
bowel	🫃
bowl	🍽️
bowler	🎩
bowler	🏏
bowling	🎳
bowlingalley	🎳
box	🔷
boxers	🩲
boxing	🥊
boy	👦
boycott	📢
boysenberry	🫐
braces	🦷
bracket	🔩
braid	🦻
braid	🪡
brain	🧠
brainteaser	🧩
braise	♨️
branch	🏤
branch	🪵
branding	📣
brandy	🥃
brasilia	🇧🇷
brass	🎺
brass	🟫
brasserie	🍽️
bratislava	🇸🇰
bratwurst	🌭
bravery	🛡️
brazil	🇧🇷
brazilian	🇧🇷
bread	🍞
breadknife	🔪
breadth	📏
break	🎊
break	💥
breakdance	🕺
breaker	🌊
breaker	🔌
bream	🐟
breastplate	🛡️
breaststroke	🏊
breath	🫁
breeze	🌬️
breeze	🍃
brevity	⏱️
brew	☕
brew	🍺
brewery	🍺
brick	🧱
bricklayer	👷
brickwork	🧱
bridge	🃏
bridge	🌉
brie	🧀
briefcase	💼
briefs	🩲
brigade	🎖️
brighten	🌟
brilliance	🌟
brilliant	💎
brioche	🥐
brisket	🍖
britain	🇬🇧
british	🇬🇧
broad	📐
broadcast	🎙️
broadcast	🎥
broadcast	📡
broadcast	📢
broadcast	📻
broadcasting	📻
broadsword	⚔️
broccoli	🥦
brogue	👞
brokenhearted	💔
broker	💰
bronchus	🫁
bronco	🐴
brontosaurus	🦕
bronze	🗿
bronze	🟫
bronze	🥉
brook	🏞️
broom	🧹
broth	🍲
brother	👨‍👦
brother	👬
brow	🧑
brown	🟤
brownie	🍫
browse	📖
browser	🌐
bruin	🐻
bruise	🤕
brunch	🍽️
brush	🎨
brush	🧹
brussels	🇧🇪
bubble	🫧
bubbletea	🧋
bucharest	🇷🇴
bucket	🪣
buckle	🪡
buckler	🛡️
bud	🌱
budapest	🇭🇺
buddha	☸️
buddhism	☸️
buddy	🧑‍🤝‍🧑
budge	↔️
budgerigar	🦜
budget	📊
budgie	🦜
buenosaires	🇦🇷
buffalo	🐄
buffet	🍽️
bug	🐛
bugle	🎺
build	🔨
builder	👷
building	🏢
bulbous	🎈
bulgaria	🇧🇬
bulgarian	🇧🇬
bulky	🪨
bull	🐄
bulldog	🐕
bulldoze	🏗️
bullet	💥
bulletin	📢
bullettrain	🚄
bullfrog	🐸
bullion	🪙
bullseye	🎯
bullseye	🏹
bulwark	🛡️
bumblebee	🐝
bump	🤛
bundle	🎀
bungalow	🏠
bunk	🛏️
bunker	🛡️
bunnies	🐇
bunny	🐇
bunt	⚾
bunting	🎏
buoyant	😊
bureau	🏤
bureau	🗄️
bureaucracy	🏴
burger	🍔
burgundy	🔴
burial	⚰️
burn	🔥
burnout	🔋
burnout	😩
burrito	🌯
burrow	🐾
burst	💣
bus	🚌
bush	🌳
bushfire	🔥
bushland	🌲
business	💼
busstop	🚏
bust	🗿
butcher	🛍️
butte	🏞️
butter	🧈
buttercup	🌼
butterfly	🏊
butterfly	🦋
buttermilk	🥛
butternut	🎃
button	🪡
buzzard	🦅
buzzer	🛎️
bygone	🔙
bylaw	⚖️
bypass	⏭️
cab	🚕
cabbage	🥬
cabbie	🚕
cabernet	🍷
cabin	🏚️
cabinet	🏛️
cabinet	🗄️
cable	🔌
caboose	🚋
cackle	😂
cactus	🌵
caddie	⛳
cafe	🍽️
cafeteria	🍽️
caiman	🐊
cairo	🇪🇬
cake	🎂
calamari	🦑
calculate	🔢
calculation	🧮
calculator	🧮
calculus	♾️
calculus	📐
caldera	🌋
calendar	📅
calf	🐄
calf	🦵
calibrate	📏
california	🇺🇸
call	📞
call	📣
calligraphy	✍️
calm	🕊️
calorie	🥗
calzone	🍕
camaraderie	🤝
camcorder	📼
camel	🐪
camellia	🌺
camels	🐫
camembert	🧀
camera	📸
camouflage	🙈
campaign	⚔️
campaign	📣
campaign	🗳️
campervan	🚐
campus	🏫
canada	🇨🇦
canadian	🇨🇦
canary	🐦
canary	🟡
candelabra	🕯️
candidate	🗳️
candle	🕯️
candlestick	🕯️
candor	⚖️
candy	🍬
canine	🐕
canine	🦷
canister	🛢️
canister	🫙
canned	🥫
cannon	🪖
canoe	🛶
canoeing	🛶
canopy	🌳
canopy	🪂
cantaloupe	🍈
canteen	🍽️
cantonese	🇨🇳
canvas	🎨
canyon	🏕️
cap	🎓
cap	🧢
capacitor	⚡
cape	🏝️
capetown	🇿🇦
capillary	🩸
capital	⚖️
capital	💰
capitol	🏛️
capitulate	🏳️
cappuccino	☕
capsicum	🫑
capsule	💊
captain	🧑‍✈️
captivity	⛓️
capture	📸
car	🚗
carafe	🍶
caramel	🍬
caramel	🍮
caramel	🟤
carat	💎
carbine	🔫
carbonara	🍝
cardiac	🫀
cardigan	👚
cardinal	🐦
cards	🃏
career	💼
caregiver	👩‍⚕️
caregiver	🧑‍🦽
caress	✋
caretaker	🚿
caribou	🦌
caring	🫶
carnation	🏵️
carnival	🎡
carnival	🎪
carousel	🎠
carp	🐟
carpark	🅿️
carpenter	🧑‍🔧
carriage	🚋
carriageway	🛣️
carrier	🚢
carrot	🥕
carry	🤲
carryon	🧳
cart	🛒
cartilage	🦿
cartography	🗺️
cartridge	💥
cartridge	🖨️
cartwheel	🤸
carve	🔨
carving	🗿
carvingknife	🔪
casablanca	🇲🇦
cascade	🏞️
case	🌟
case	👨‍⚖️
cash	💵
cashew	🌰
cashier	🛍️
casino	🎰
casserole	🍲
casseroledish	🫕
cassette	📼
cassowary	🐦
cast	🎣
cast	🤾
cast	🩹
castle	🏰
cat	🐈
catalan	🇪🇸
catalyst	⚗️
catamaran	⛵
catapult	🎯
caterer	🧑‍🍳
caterpillar	🐛
catfish	🐟
cathedral	⛪
cattle	🐄
caucasus	🌍
cauldron	🍲
cauliflower	🥦
cause	💡
causeway	🌉
cave	🕳️
cavern	🕳️
cavity	🦷
cayenne	🌶️
cd	💿
cease	🛑
ceasefire	🕊️
cedar	🌲
ceiling	🏠
celebration	🎉
celebratory	🥳
celebrity	🌟
celery	🥦
celestial	🔭
cell	⛓️
cell	🦾
cell	🧬
cellar	🧊
cellist	🎻
cello	🎻
cellphone	📱
cement	🧱
cemetery	⚰️
census	📋
cent	🪙
center	🎯
centipede	🐌
centre	🎯
century	📆
ceo	👔
ceramic	🏺
ceramic	🧴
cereal	🌾
cereal	🥣
cerebrum	🧠
ceremony	🔔
cerise	🔴
certainty	✅
certificate	📜
cerulean	🔵
cfo	👔
chai	🍵
chain	⛓️
chain	📿
chain	🔗
chainmail	🛡️
chainsaw	🪚
chair	🪑
chairman	👔
chaise	🛋️
chalet	🏡
challenge	🧗
chameleon	🦎
champagne	🥂
champion	🥇
championship	🏆
chance	🎲
chandelier	💡
change	🌊
change	🪙
chant	🎤
chanterelle	🍄
chaos	💥
chapel	⛪
chaplain	⛪
chapter	📖
char	🔥
characteristic	🧩
characters	🔡
charades	🎭
charcoal	⚫
chard	🥬
chardonnay	🍷
charge	⚔️
charge	💲
charge	🔋
charger	🔌
charity	🤲
charm	✨
charm	🪬
chart	📊
chart	🗺️
chartreuse	🟢
chasm	🕳️
chastise	⚖️
chat	💬
chauffeur	🚕
checkin	🏨
checking	🏦
checklist	📋
checkmate	♟️
checkout	🏨
checkpoint	🛂
checkup	🩺
cheddar	🧀
cheek	🧑
cheeky	😏
cheeky	😝
cheer	🎉
cheerful	😊
cheese	🧀
cheeseburger	🍔
cheesecake	🍰
cheetah	🐆
chef	🧑‍🍳
chemical	⚗️
chemist	👩‍🔬
chemistry	⚗️
cherish	🥰
cherries	🍒
cherry	🍒
cherryblossom	🌸
cherub	👼
chess	♟️
chest	👤
chest	🗄️
chestnut	🌰
chestnut	🟤
chew	🍽️
chick	🐦
chickadee	🐦
chicken	🐓
chickpea	🫘
chiffon	🧵
chigger	🐜
chihuahua	🐕
child	👨‍👦
child	🧒
chile	🇨🇱
chilean	🇨🇱
chili	🌶️
chill	🧊
chilled	🥶
chilli	🌶️
chills	🤒
chime	🛎️
chimney	🏠
chimp	🐒
chimpanzee	🐒
chin	🧑
china	🇨🇳
chinese	🇨🇳
chinos	👖
chip	🧮
chipmunk	🐿️
chipper	😊
chips	🍟
chisel	⚒️
chisel	🔨
chive	🧅
chlorophyll	🌱
chocolate	🍫
chocolate	🟤
choker	📿
chop	✂️
chop	🍖
chopper	🏍️
chopper	🚁
chopstick	🍴
chopsticks	🥢
chord	🎵
chore	🧹
choreographer	💃
choreography	💃
chortle	😂
chorus	🎶
chowder	🍲
christ	✝️
christianity	✝️
chromosome	🧬
chronicle	📖
chrysalis	🐛
chrysanthemum	🏵️
chuck	🤾
chuckle	😂
chuckle	😆
chunk	🧱
church	⛪
chute	📮
ciabatta	🍞
cichlid	🐠
cinder	🔥
cinema	🎬
cinematographer	🎬
cipher	🔒
circle	⭕
circle	📐
circuit	⚡
circuit	🔌
circuit	🧮
circular	🔄
circumference	📐
circus	🎪
cistern	🚽
cistern	🛢️
citadel	🏰
citation	🏅
citizenry	👥
citizenship	🛂
citrine	🔶
citron	🍋
citrus	🍋
city	🏙️
cityscape	🏙️
civilengineering	🏗️
claim	🏦
clairvoyance	🔮
clam	🐚
clamber	🧗
clamminess	🌡️
clamp	🗜️
clamp	🧰
clan	👪
clarinet	🎷
clarity	⚪
class	🏫
classified	🔐
classroom	🏫
claw	🐾
clay	🗿
clay	🧱
clay	🪱
cleaner	🚿
cleaning	🧹
cleanse	🧼
clearance	🔐
clearance	🔑
cleave	🪓
cleaver	🔪
clef	🎼
clementine	🍊
clench	✊
clergy	⛪
cleric	⛪
clerk	👔
clerk	🛍️
clerk	🧑‍💼
cleverness	🧠
click	🖱️
client	🧑‍💼
clientele	🧑‍💼
cliff	⛰️
cliffface	🧗
climate	🌤️
climatology	🌪️
climb	🧗
climbing	🧗
clinic	🏥
clip	✂️
clip	🖇️
clip	🧷
clipper	🪒
clippers	✂️
clock	🕰️
close	🔒
closeness	🫂
closet	🗄️
cloth	🧵
clothing	👕
cloud	☁️
cloudcomputing	☁️
cloudy	☁️
clover	🍀
clown	🎪
clownfish	🐠
club	🏏
clue	🔍
clutch	✊
clutch	👜
coach	🏋️
coach	👨‍🏫
coach	📣
coach	🚌
coaching	🧑‍🏫
coal	⚫
coalition	🤝
coast	🏝️
coastline	🏝️
coat	🧥
cobalt	🔵
cobbler	🛍️
cobbler	🛠️
cobbler	🥧
cobra	🐍
cobweb	🕷️
cobweb	🕸️
cochlea	👂
cockatoo	🦜
cockerel	🐓
cockle	🐚
cockroach	🪲
cocktail	🍸
cocoa	🍫
coconut	🌴
coconut	🥥
cocoon	🐛
cod	🐟
coder	👨‍💻
coder	🧑‍💻
coding	👨‍💻
coffee	☕
cog	⚙️
cog	🕰️
cognac	🥃
cognition	🧠
coil	➰
coin	🪙
coincidence	🎲
coinpurse	👛
cola	🥤
cold	🤒
coldfeet	😨
coldsnap	🌡️
coleslaw	🥗
coliseum	🏟️
collaboration	🤝
collar	🪡
collateral	⚖️
colleague	💼
collect	🫴
college	🏛️
college	🏫
collie	🐕
colombia	🇨🇴
colombian	🇨🇴
colon	🫃
colonel	🪖
colony	🐜
color	🎨
colossal	🔎
colosseum	🏟️
colour	🎨
colour	🖌️
colourful	🌈
colouring	🖍️
colt	🐴
columbarium	⚰️
column	🗞️
columnist	✍️
combat	⚔️
combine	🔗
combine	🚜
comedian	🎭
comedy	🎭
comet	☄️
comet	💫
comfort	😌
comforted	🤗
comforting	🤗
commandment	📖
commando	🪖
commence	▶️
commencement	🎓
commend	👏
commendation	🏅
comment	🗨️
commerce	🛒
commission	🤑
commitment	🎯
commode	🚽
commotion	🌪️
communication	📡
community	👥
commute	🚏
commuter	🚆
companion	🧑‍🤝‍🧑
company	💼
compass	📐
compass	🧭
compassion	❤️
compassion	🫶
compassionate	🫶
compensate	🎁
competition	⚔️
compile	👨‍💻
complete	🏁
complex	🏢
complexion	🖐️
complexity	🧩
complication	🧩
compliment	👏
component	🧩
compose	✍️
composed	😌
composer	🎼
composite	🧴
composition	🎼
composition	📝
compost	🍂
composure	😌
compound	⚗️
compound	🏢
compound	🧪
comprehend	💡
comprehension	🧠
compute	🔢
computer	💻
conceal	🙈
concede	🏳️
concentrate	🎯
concept	💡
concept	🧠
concern	😟
concerned	😟
conch	🐚
conclude	🏁
concourse	🚉
concrete	🧱
concur	🤝
concussion	🤕
condemn	👎
condiment	🧂
conditioner	🧼
condo	🏢
condominium	🏢
condor	🦅
conductor	⚡
conductor	🎼
conductor	🚂
cone	🔺
confederation	🤝
conference	🍐
confetti	🎉
confidant	🧑‍🤝‍🧑
confidence	✅
confidence	🌈
confidence	🕯️
confidence	😎
confident	😎
confidential	🔐
configuration	⚙️
confinement	⛓️
conflagration	🔥
conflict	⚔️
confusion	❔
conga	🪘
congestion	🤒
congregation	⛪
congregation	👯
congress	🏛️
conifer	🌲
conjugation	🗣️
conjure	🪄
conker	🌰
connect	🔗
connection	🔗
conquer	🏆
consciousness	🧠
consent	👍
consent	🤝
consequence	⚖️
conservation	🌐
conservatory	🏛️
consider	🤔
consideration	🎁
console	🎮
console	🖥️
constable	👮
constancy	🗿
constantly	🔄
constellation	🌌
constituency	🗳️
constitution	📜
constraint	⛓️
construct	🔨
construction	👷
consul	🧑‍⚖️
consulate	🏛️
consultant	🧑‍⚕️
consultant	🧑‍💼
consume	🍽️
consumer	🧑‍💼
contagion	😷
contagious	😷
container	🎒
container	🫙
contemplate	🤔
contemplation	💭
contemplation	🧘
contemporary	🆕
content	😊
contented	😊
contention	⚔️
contentment	😌
continent	🌍
continuity	🗿
contract	🤝
contractor	👷
contraption	📦
controller	🎮
controller	🕹️
conundrum	🔮
conundrum	🧩
convent	⛪
convention	📋
conversation	💬
conversation	🗣️
conversion	💱
convey	🚚
convict	⛓️
conviction	✅
conviction	🕯️
conviction	🧠
convocation	🎓
cook	🧑‍🍳
cooker	🍳
cool	🧊
coop	🏚️
coop	🏡
cooperation	🤝
cop	👮
copenhagen	🇩🇰
copilot	🧑‍✈️
copper	🟫
copse	🌳
copy	📃
coral	🩷
coral	🪸
cord	🔌
cord	🪢
cordial	🧃
corduroy	🧵
core	🎯
corgi	🐕
cormorant	🦆
corn	🌽
cornea	👁️
cornet	🎺
cornfield	🌽
corona	☀️
coronet	👑
corporate	🏢
corporation	💼
corral	🏡
correlation	📊
correlation	🔗
correspondence	📨
correspondence	🖋️
corridor	🚪
cortex	🧠
cosmetics	💄
cosmology	🔭
cosmonaut	👨‍🚀
cosmos	🌌
cosmos	🚀
cost	🏷️
costume	👕
cot	🛏️
cottage	🏠
cottage	🏡
cotton	🧵
couch	🛋️
cougar	🐆
cough	🤒
cough	🤧
councilor	🧑‍⚖️
counsel	👩‍⚖️
counseling	🧠
counselor	🧠
count	🔢
countdown	⏳
counter	🎲
counterweight	⚖️
counting	🔢
countryside	🏞️
coupe	🚗
couple	👫
couple	🔗
coupon	🏷️
courage	🛡️
courgette	🥒
courier	🚕
course	🏫
course	🧭
coursebook	📘
coursework	📝
court	👨‍⚖️
courthouse	🏛️
courtroom	👨‍⚖️
courtship	💑
courtyard	⛲
cousin	👨‍👩‍👧‍👦
cove	🏖️
cover	🙈
coverage	🏦
coverage	🗞️
covetousness	💰
cow	🐄
cowbell	🔔
coworker	💼
coyote	🐺
cozy	🤗
cpu	🧮
crab	🦀
crabapple	🍎
crack	💥
cradle	🛏️
craft	🔨
craftsman	🛠️
crag	⛰️
cranberry	🫐
crane	🏗️
crane	🦆
cranium	💀
cranium	🧠
crap	💩
crash	🐛
crater	🌋
crawfish	🦞
crawlspace	🧊
crayfish	🦞
crayon	🖍️
crazy	🤪
cream	⚪
cream	🧴
creamer	🥛
create	🔨
creativity	💡
creature	🐾
credential	📜
credential	🔑
credit	💰
creditcard	💳
creed	📖
creek	🏞️
creeper	🪴
creepy	👻
cremation	⚰️
creme	🍮
crepe	🥞
crescent	☪️
crescent	🌘
cress	🌱
crestfallen	😔
crevasse	🕳️
crib	🛏️
cricket	🏏
cricket	🦗
crimson	🔴
cringe	😬
criticize	👎
croatia	🇭🇷
croatian	🇭🇷
crochet	🧵
crochet	🪡
crock	🫙
crocodile	🐊
crocus	🌷
croissant	🥐
croon	🎤
crooner	🎤
crooning	🎤
crop	🌾
cross	✝️
cross	😠
crossbow	🏹
crossing	🚦
crossover	🚙
crossstitch	🧵
crossword	🧩
crouton	🍞
crow	🦅
crowbar	⚒️
crowd	👯
crown	👑
crt	🖥️
crucifix	✝️
cruelty	😈
cruise	🚢
cruiseliner	🛳️
cruiser	🚢
cruiser	🛥️
crumble	💥
crumble	🥧
crush	💥
crutch	♿
cry	😢
cryingcat	😿
crypt	⚰️
crystal	💎
crystal	🧂
cub	🐻
cub	🦁
cube	🔷
cube	🧊
cuckoo	🐦
cucumber	🥒
cuddle	🫂
cudgel	🏏
cue	🎱
cue	🔍
cuff	🪡
cuisine	🍽️
cultivate	🌱
cultivation	🚜
cultivator	🚜
culture	🧫
cumbersome	🪨
cumulus	☁️
cup	🍵
cup	🏆
cupboard	🗄️
cupcake	🧁
curator	📚
cure	🩹
curio	🪆
curiosity	🔭
curl	➰
curl	🦻
curling	🥌
currant	🍇
currency	💵
current	⌛
current	⚡
current	🆕
current	🌊
curriculum	🏫
curry	🍛
cursing	🤬
cursor	🖱️
curtain	🪟
cusco	🇵🇪
custard	🍮
custodian	🚿
custody	🚔
custom	📋
customer	🧑‍💼
customs	🛂
cut	✂️
cut	🎬
cut	🤕
cutlass	⚔️
cutlery	🍴
cutlet	🍖
cutter	✂️
cuttlefish	🐙
cyan	🔵
cyberspace	🌐
cyborg	🤖
cycle	🔁
cycle	🚲
cycling	🚵
cyclone	🌪️
cygnet	🦢
cymbal	🥁
cypress	🌲
cyrillic	🈶
czech	🇨🇿
czechia	🇨🇿
dad	👨‍👩‍👧
daffodil	🌷
daffy	🙃
dagger	⚔️
daiquiri	🍸
dairy	🐄
dairy	🥛
daisy	🌼
dal	🍛
dale	🏕️
dalmatia	🇭🇷
dalmatian	🐕
damascus	🇸🇾
damnation	😈
dampen	💧
dampness	🌡️
damselfly	🦋
damson	🍇
dance	💃
dancer	💃
dandelion	🌼
danish	🇩🇰
daring	🛡️
darken	🌑
darkness	🌑
darkroom	📸
darling	🥰
darn	🧵
dartboard	🎯
darts	🎯
dash	➖
dash	🏃
dashboard	📊
dataanalysis	📊
database	🗄️
datacenter	☁️
date	🌴
date	🍇
date	📅
dating	💑
daughter	👨‍👦
dawn	🌅
day	📅
daybreak	🌅
daylight	☀️
daytime	🌞
dazed	😵
dazzled	🤩
deacon	⛪
dead	💀
deadbolt	🗝️
deadlift	🏋️
deadline	🗓️
deadly	☠️
deadpan	😐
deadwood	🍂
deal	🤝
dean	🧑‍🏫
debate	💬
debitcard	💳
debt	💰
debug	👨‍💻
decade	📆
decaf	☕
decant	🫗
decanter	🍶
decay	📉
deceit	🎭
december	🗓️
decency	😇
deception	🎭
decibel	📡
decimal	🔢
deck	🃏
deck	📊
deck	🚪
deckhand	⚓
declaration	📢
declare	🗣️
declension	🗣️
decline	📉
decline	🙅
decree	📜
dedication	🎯
deduct	➖
deductible	🏦
deduction	🧮
deer	🦌
defeat	🏆
defeat	💔
defect	🐛
defend	🛡️
defense	🎖️
defense	🛡️
deference	🙏
deficit	📉
deflation	🏛️
defrost	🧊
degradation	📉
degree	📊
degree	🧑‍🎓
dehydrate	☀️
dejected	😔
dejection	🌑
delay	⏳
delayed	🐌
delhi	🇮🇳
deli	🏪
deliberate	🤔
delight	🎉
delight	😄
delighted	😄
deliver	🚚
delivery	📬
delivery	🚚
deliveryman	🚕
delta	🏞️
deluge	🌧️
demolish	🏗️
demon	😈
demonstration	📢
den	🐾
den	🛋️
denim	👖
denim	🧵
denmark	🇩🇰
denounce	👎
dental	🦷
dentist	⚕️
deny	🙅
depart	🚪
department	🏤
dependability	🤝
dependent	🧑‍🦽
depict	🎨
depletion	🔋
deployment	🪖
deposit	🏦
deposition	🧑‍⚖️
depot	🏭
depot	🚉
depression	🌀
deprivation	🏚️
depth	📏
derivative	♾️
descend	⬇️
descendant	🎎
desert	🏜️
design	📋
designer	🎨
desktop	💻
despair	🌑
despair	😢
despondent	😔
dessert	🍰
destiny	🎲
destitution	🏚️
destroyer	🚢
detach	✂️
detail	🧩
detect	🔎
detective	👮
detective	🕵️
detention	🚔
deter	🚫
detergent	🧼
deterioration	📉
determination	🎯
determination	💪
determined	💪
detonate	💣
detonator	💣
detour	🚧
deuce	🎾
devanagari	🈶
devastated	😭
devastation	😭
develop	🌱
developer	👨‍💻
development	🌱
device	📦
devil	😈
devilish	😈
devoted	💖
devotion	💖
devotion	🙏
devotion	🤝
devour	🍽️
dewdrop	💧
dhaka	🇧🇩
dharma	☸️
diadem	👑
diagnosis	🩺
diagonal	🔀
dial	📞
dialect	🔤
dialogue	💬
diameter	📐
diamond	💎
diaphragm	🫁
diary	📓
dibber	🔨
dice	🎲
diet	🥗
difference	➖
difficulty	🚧
difficulty	🧗
diffraction	🔆
digestion	🥗
digitalcamera	📷
dilemma	🚧
diligence	🎯
dim	🌑
dime	🪙
diminutive	🔬
dimple	🧑
dine	🍽️
diner	🍽️
dinghy	⛵
dingo	🐺
diningroom	🍽️
dinosaur	🦕
dinosaur	🦴
diocese	⛪
diplodocus	🦕
diploma	🧑‍🎓
diplomacy	🕊️
diplomat	🧑‍⚖️
direct	🎬
direction	🧭
director	🎬
director	🧑‍💼
directory	🗄️
dirk	🗡️
dirt	🪱
disability	♿
disabled	♿
disagreement	👎
disappointed	😥
disappointed	🫤
disappointment	💔
disapproval	👎
disbursement	💸
disc	⭕
discard	🗑️
discern	💡
discipline	⚖️
disconnect	✂️
discord	⚔️
discount	🏷️
discourage	🚫
discouraged	😞
discouragement	😞
discover	🔎
discussion	💬
disease	🩺
disembark	🛬
disguise	🎭
disgust	🤢
disgusted	🤢
dish	🍽️
dish	📡
disheartened	😞
dishonesty	🎭
disillusioned	😞
disinfectant	🧴
disk	💾
dismay	😞
dismayed	😞
disorder	💥
disorientation	❔
disoriented	😵
disparage	👎
dispatch	🖋️
dispatch	🚚
dispatcher	🚚
dispenser	🧴
display	🖥️
displeased	😠
dispute	🗯️
disregard	🌫️
disruption	🌪️
dissent	👎
dissertation	📝
dissolve	🧊
dissuade	🚫
distillation	⚗️
distinction	🌟
distinctiveness	🎨
distraught	😧
distress	😫
distressed	😫
distribution	🚚
district	🌍
district	🏙️
disturbance	🌪️
divan	🛋️
dive	🏊
divide	✂️
divide	➗
dividend	💹
divination	🔮
divine	🌟
division	➗
dizzy	😵
djembe	🪘
dna	🧬
dock	🌉
doctor	🧑‍⚕️
doctorate	🧑‍🎓
doctrine	📖
document	📄
dodge	🏃
dodo	🦤
doe	🦌
dog	🐕
doggo	🐕
doll	🧸
doll	🪆
dollar	💵
dolphin	🐬
domain	🌐
domino	🀄
donate	🤝
donor	🩸
doodle	✏️
door	🚪
doorbell	🛎️
doorway	🚪
dormer	🪟
dormitory	🛏️
dosage	💊
dose	💊
doublebass	🎻
doubledecker	🚌
doubt	❓
doubtful	😕
doughnut	🍩
douse	🧯
dove	🕊️
downcast	😓
downcast	😔
downhearted	😔
download	📲
downpipe	🚰
downpour	🌧️
downtown	🏙️
downturn	📉
downturned	🙁
downward	⬇️
doze	💤
dprinter	🖨️
draft	✍️
draft	🌬️
draft	📃
drag	🫸
dragon	🐉
dragonfly	🦋
dragonfruit	🍇
drain	🚰
drained	😩
drake	🦆
drama	🎭
drape	🪟
draught	🌬️
draw	🎨
draw	🧲
draw	🫸
drawbridge	🏰
drawer	🗄️
drawing	🎨
drawingpin	📌
drawstring	👝
dread	😰
dreadful	😰
drench	💧
dress	👗
dresser	🗄️
dressing	🩹
dressshirt	👔
dribble	🏀
driftwood	🪵
drill	🪛
drink	🥤
drip	💧
driven	💪
driver	🚕
driveway	🏡
drizzle	🌧️
dromedary	🐪
drone	🐝
drone	🤖
drop	⬇️
drop	🫳
droplet	💧
drought	🏜️
drowsy	😴
drum	🛢️
drummer	🎻
drums	🥁
drumstick	🍗
dry	☀️
dubai	🇦🇪
dublin	🇮🇪
duck	🦆
duckling	🦆
duffel	🧳
dumbbell	🏋️
dumbfounded	😲
dump	🗑️
dumpling	🥟
dune	🏜️
dunk	🏀
duplex	🏢
duration	⏱️
durian	🍇
dusk	🌇
dust	🏜️
dust	🧹
dustbin	🗑️
dusting	🧹
dustpan	🧹
dutch	🇳🇱
dvd	📀
dwell	🏠
dwelling	🏠
dye	🖌️
dynamics	⚙️
dynamism	⚡
dynamite	🧨
dynasty	👪
eager	🤞
eagerness	🔥
eagerness	🤞
eagle	🦅
ear	👂
earbuds	🎧
eardrum	👂
earlobe	👂
early	⏲️
earnings	💼
earnings	📈
earphones	🎧
earth	🌍
earth	🪱
earthworm	🪱
ease	😌
ease	🩹
easel	🖼️
east	🧭
eastward	🧭
eat	🍽️
eatery	🍽️
eaves	🏠
eavesdrop	🕵️
ebony	⚫
echo	📡
eclipse	🌑
eclipse	🌒
ecology	🧬
ecommerce	🛒
economics	🏛️
economist	💰
economy	🏛️
ecosystem	🌐
ecstatic	🤩
edamame	🫛
eddy	🌊
edict	📜
edifice	🏢
edit	🎬
editing	🎬
editor	✍️
editor	📰
editorial	🗞️
educate	👨‍🏫
education	🧠
educator	👨‍🏫
eel	🦈
eerie	👻
effect	⚖️
egg	🥚
eggplant	🍆
eggtimer	⏲️
egret	🦆
egypt	🇪🇬
egyptian	🇪🇬
eightball	🎱
eject	📤
elated	😄
elation	🎉
elation	😄
elbow	💪
elder	🧓
elderberry	🫐
elderly	🧓
election	🗳️
electorate	🗳️
electric	🎸
electrician	🧑‍🔧
electricity	⚡
electrochemistry	🔋
electromagnetism	🧲
electron	⚛️
elegance	✨
element	⚗️
element	🧩
elephant	🐘
elevate	⬆️
elevator	🛗
elk	🦌
elude	🏃
email	📧
email	📨
emancipation	🌍
embarrassment	😳
embassy	🏛️
ember	🔥
emblem	🏳️
emblem	🪙
embrace	🤗
embrace	🫂
embroidery	🧵
emerald	🟢
emerald	🟩
emergency	🏥
emergency	🚨
emirates	🇦🇪
empathy	❤️
empirical	🔬
employee	💼
employer	💼
employment	💼
emporium	🏬
empowered	💪
emu	🐦
enamel	🦷
enamored	😍
enchant	🪄
encouraged	🌟
encouragement	🌟
encryption	🔒
encyclopedia	📚
endlessness	♾️
endorsement	👍
endpoint	🔗
endurance	⏳
energy	⚡
energy	🌡️
enforcement	🚓
engagement	💑
engagementring	💍
engineer	👨‍💻
engineer	🚂
engineering	⚙️
england	🇬🇧
english	🇬🇧
engrave	🔨
enigma	🔮
enigma	🧩
enlightenment	☸️
enlightenment	📚
enlist	🪖
enormous	🔎
enraged	😡
ensemble	👕
ensuite	🚿
entanglement	🧩
enter	📥
enterprise	💼
entertain	🤗
entertainer	🎭
enthusiasm	🔥
entice	🧲
entrance	🚪
entrepreneur	👔
entropy	🌡️
entry	🔑
enumerate	🔢
enunciation	🗣️
envelope	✉️
environmentalscience	🌐
envoy	🧑‍⚖️
epee	🤺
epic	📖
epidemic	😷
epiphany	💡
episode	⏰
epitaph	🪦
epoch	🕰️
equalizer	🎚️
equals	🟰
equation	🟰
equation	🧮
equator	🌍
equestrian	🏇
equilibrium	🧘
equity	⚖️
equity	💹
era	🕰️
eraser	✏️
erect	🔨
erosion	🌍
error	🐛
erudition	📚
eruption	🌋
escalator	🛗
escape	🏃
escarpment	🏞️
espadrilles	👡
esperanto	🔤
espionage	🔐
espresso	☕
essay	📝
estate	🏢
estimate	📋
estonia	🇪🇪
estonian	🇪🇪
estuary	🏖️
etch	🔨
eternity	♾️
eternity	😇
ethernet	🛜
ethics	🏛️
ethiopia	🇪🇹
ethiopian	🇪🇹
ethology	🐾
eulogy	⚰️
euphoria	🤩
euphoric	🤩
euro	💶
europe	🌍
evade	🏃
evaluate	⚖️
evening	🌇
event	⏰
evergreen	🌲
evidence	🔍
evidence	🧑‍⚖️
evil	😈
evileye	🧿
evolution	🌊
evolution	🧬
ewe	🐑
exactness	💯
exam	✅
examination	🩺
examine	🔍
example	🌟
exasperated	😤
exasperation	😤
exasperation	😮‍💨
excellence	🌟
exchange	🏦
exchange	💬
exchange	💱
excitement	🎢
exclaim	📣
excursion	🗺️
executive	🧑‍💼
exercise	❓
exhaustion	💤
exhaustion	🔋
exhibition	🖼️
exhilarated	🤩
exhilaration	🎢
exhilaration	🤩
exit	🚪
expectant	🤰
expecting	🤰
expedition	🗺️
expel	📤
expenditure	💸
expense	🧾
experiment	🔬
explanation	💡
explode	💣
explore	🔍
explore	🗺️
explorer	🧑‍🚀
explosive	💣
exposure	📸
expression	💬
expressionless	😐
expressway	🛣️
extent	📊
extinct	🦴
extinguish	🧯
extinguisher	🧯
extract	📤
extraterrestrial	👽
eye	👁️
eyeball	👁️
eyebrow	🧑
eyeglasses	👓
eyelash	🧑
eyeliner	💄
eyepiece	🔬
eyes	👀
eyesight	👁️
fable	📖
fabric	🧵
fabricate	🔨
fabrication	🤥
facade	🧱
face	🧑
facemask	😷
faceoff	🏒
facet	💎
facet	🧩
facilitate	🤝
facility	🏢
facsimile	📠
fact	✅
factory	🏭
factoryworker	🧑‍🏭
fader	🎚️
failure	💔
fairground	🎡
fairness	⚖️
fairway	⛳
faith	🌈
faith	🕯️
faith	🙏
faithfulness	🤝
fajita	🌯
falafel	🥙
falcon	🦅
fall	🍁
fall	🍂
falsehood	🤥
fame	🌟
family	👪
fan	🌡️
fang	🐾
farce	🎭
fare	🎫
farewell	👋
farm	🚜
farmer	🧑‍🌾
farmhouse	🏡
farming	🚜
farsi	🇮🇷
fascination	🔭
fashion	🔨
fasten	🔒
fasten	🧷
fasten	🪛
fasten	🪢
fastener	📎
fastener	🔩
fatal	☠️
fate	🎲
father	👨‍👩‍👧
fathom	💡
fatigue	💤
fatigue	🔋
fatigue	😩
fatigued	😩
faucet	🚰
fault	🐛
fawn	🦌
fax	📠
fear	😰
fearful	😨
fearlessness	🛡️
feast	🍽️
feather	🐦
feathery	🪶
feature	🧩
february	🗓️
federation	🤝
fedora	🎩
fee	💲
feed	📥
feeding	🍼
feel	✋
feet	🦶
feign	🎭
feline	🐈
fellow	👨
femur	🦴
fen	🌾
fencing	🤺
fennel	🥦
fern	🪴
ferriswheel	🎡
ferry	🚚
ferry	🚢
ferryboat	⛴️
fertilizer	🍂
fervor	🔥
festival	🎊
festive	🥳
feta	🧀
fettuccine	🍝
fever	🤒
feverish	🤒
fiction	📕
fiddle	🎻
fidelity	🤝
field	🌽
field	🌾
field	🧲
fieldhockey	🏑
fiend	👹
fiesta	🎉
fife	🪈
fig	🍇
fighter	🚁
figureskating	⛸️
figurine	🗿
figurine	🪆
filament	💡
filament	🖨️
file	⚒️
file	📄
file	🗄️
filipino	🇵🇭
filling	⛽
filling	🦷
film	🎬
film	📸
filmmaker	🎬
filmstrip	🎞️
finals	🏆
finance	💰
financier	💰
finch	🐦
find	🔎
fine	🔨
finger	👆
fingernail	👆
fingertip	👆
finish	🏁
finland	🇫🇮
finnish	🇫🇮
fir	🌲
fire	🏹
firealarm	🧯
firearm	🔫
firecracker	🧨
firefighter	🧑‍🚒
firefly	🐞
firehouse	🚒
fireman	🧑‍🚒
fireplace	🔥
firestation	🚒
firewall	🔒
firewood	🪵
firm	💼
first	🥇
fiscal	🏛️
fish	🐟
fisherman	⚓
fishing	🎣
fission	💥
fitter	🧑‍🔧
fitting	🔩
fix	🔧
fix	🗝️
fixture	💡
fixture	🔩
fizzy	🥤
fjord	🏖️
flabbergasted	😲
flag	🏳️
flail	⛓️
flamenco	💃
flamingo	🦩
flan	🍮
flannel	🧵
flapjack	🥞
flashdrive	💽
flashlight	🔦
flask	🍶
flask	🧪
flat	🏢
flat	🗜️
flatbed	🚚
flatscreen	📺
flatten	🏗️
flawlessness	💯
flea	🐜
fledgling	🐦
flee	🏃
fleeting	⏱️
flemish	🇧🇪
flesh	🖐️
flicker	🕯️
flightattendant	✈️
fling	🤾
flint	🪨
flipflops	👡
float	🏊
flock	🐄
flock	🐑
flock	🐦
flood	🌊
floodplain	🏞️
floodwater	🌊
floppy	💾
florence	🇮🇹
florida	🇺🇸
florist	🛍️
floss	🪥
flounder	🐟
flourish	🌱
flowerbed	🌷
flu	🤒
flue	🔥
fluency	🗣️
flurry	🌨️
flushed	😳
flushed	🥵
flustered	😳
flute	🪈
flutist	🎻
flutter	🕯️
flux	🌊
flux	🧲
fly	🪰
flywheel	⚙️
foal	🐴
foam	🫧
fob	🔑
focaccia	🍞
focus	🎯
fog	🌫️
foggy	🌫️
foil	🤺
fold	🥄
folder	🗄️
foliage	🌿
foliage	🍂
folk	🪕
follicle	🦻
fond	🥰
fondness	🥰
fondue	🫕
food	🍽️
foodstuff	🍽️
foolish	🤡
foot	🔽
foot	🦶
footage	🎞️
football	⚽
foothill	⛰️
footwear	👞
force	💪
forearm	💪
forecast	🌤️
forecast	📊
forehead	🧑
foreigner	👣
foreman	👷
forest	🌳
forester	🪓
forever	♾️
forever	🔄
forex	💱
forfeit	😞
forge	🔨
forget	🌫️
fork	🍴
fork	🔨
forklift	🚚
forlorn	😔
form	📋
form	🔨
formalwear	👔
former	🔙
formic	🐜
formula	🧮
forthcoming	🔜
fortification	🛡️
fortitude	⏳
fortnight	📆
fortress	🏰
fortress	🛡️
fortune	🎲
fortune	💰
fortune	🔮
fortunecookie	🥠
forward	➡️
fossil	🌍
fossil	🦴
foster	🌱
foster	👨‍👨‍👦
foundation	💄
foundry	🏭
foundryman	🧑‍🏭
fountain	⛲
fountainpen	🖊️
fowl	🐓
fox	🦊
foxtrot	💃
foyer	🚪
fraction	🔢
fracture	💥
fracture	🤕
fragment	🧱
frame	🖼️
framework	📋
france	🇫🇷
frankfurter	🌭
fraud	🎭
frazzled	😫
freckle	🧑
freedom	🌍
freestyle	🏊
freeway	🛣️
freeze	❄️
freeze	🧊
freezer	🧊
freezing	❄️
freight	📦
freight	🚂
freighter	🚢
french	🇫🇷
frequency	🌊
frequently	📈
fresco	🎨
fretboard	🎸
fretful	😟
friction	⚔️
friction	⚙️
friday	📅
fridge	❄️
friend	🧑‍🤝‍🧑
friendship	🧑‍🤝‍🧑
fries	🍟
frigate	🚢
fright	😨
frightened	😨
frightenedcat	🙀
frittata	🍳
frock	👗
frog	🐸
frond	🌴
frost	❄️
frosty	❄️
froth	🫧
frown	😠
frowning	☹️
frowningopen	😦
frozen	🥶
fruit	🍅
frustration	💔
frustration	😤
fry	🍳
fuchsia	🩷
fudge	🍫
fuji	🍎
fuji	🗻
fulfill	🏁
fulfillment	😌
fullmoon	🌕
fume	🌫️
function	⚙️
function	🧮
funds	💰
funeral	⚰️
funfair	🎡
funfair	🎪
fungus	🍄
fungus	🐛
fungus	🦠
fur	🐾
furious	😡
furnace	♨️
fury	😡
fuse	🔌
fusion	💥
futon	🛋️
future	🔜
gable	🏠
gadget	📦
gag	🤢
gain	📈
gal	👩
gala	🍎
gala	🎉
galaxy	🌌
gale	🌬️
gale	💨
galia	🍈
gallantry	🛡️
gallery	🏛️
galoshes	👢
gambit	♟️
gambling	🎰
gamepad	🕹️
gaming	🎮
gander	🪿
gape	😮
garage	⛽
garage	🅿️
garbage	💩
garbage	🗑️
garden	🏡
garden	🪴
gardengloves	🧤
gardening	🪴
garland	💐
garlic	🧄
garment	👕
garnet	🟥
garrison	👮
gash	🤕
gasp	😮
gasstation	⛽
gate	🛫
gateau	🍰
gateway	🚪
gateway	🛜
gather	🫴
gathering	👯
gator	🐊
gauge	⚖️
gauntlet	🧤
gauze	🩹
gavel	🔨
gaze	👀
gazelle	🦌
gdp	🏛️
gear	⚙️
gear	🕰️
gecko	🦎
gelatin	🧃
gelato	🍨
gem	💎
gem	💠
gemmine	⛏️
gemstone	💎
gene	🧬
general	🪖
generate	🔨
generation	🕰️
generosity	🎁
generosity	🤲
generosity	🫶
generous	🫶
genetic	🧬
genetics	🧬
geneva	🇨🇭
genome	🧬
genre	🎵
gentleman	👨
geography	🗺️
geographyclass	🗺️
geologist	👩‍🔬
geology	🌍
geometry	📏
geometry	📐
geranium	🌺
gerbil	🐹
germ	🩺
german	🇩🇪
germany	🇩🇪
germinate	🌱
germination	🌱
gesture	👋
geyser	💧
ghana	🇬🇭
ghanaian	🇬🇭
ghee	🧈
gherkin	🥒
ghost	👻
giant	🔎
gibbon	🐒
gibbous	🌘
giddy	😆
giddy	🥴
gift	🎁
gifttag	🎀
gigantic	🔎
giggle	😂
giggle	😆
gilded	✨
gin	🥃
giraffe	🦒
girl	👧
give	🤝
gizmo	📦
glacier	🏔️
glacier	🧊
gladdened	😊
gladness	😊
glance	👀
gland	🦾
glare	😠
glass	🥛
glasses	👓
glaze	🏺
gleam	✨
glee	🎉
glee	😄
gleeful	😄
glen	🏕️
glider	🛩️
glimmer	✨
glimpse	👀
glisten	✨
glitch	🐛
glitter	✨
gloaming	🌇
globe	⭕
globe	🌍
gloom	🌑
gloom	😔
gloomy	😔
gloves	🧤
glow	🌟
glower	😠
glowworm	🐞
glum	😔
gnat	🦟
gnocchi	🍝
go	🚪
goal	🎯
goal	🥅
goal	🧭
goalkeeper	⚽
goat	🐐
gobble	🍽️
gobbler	🦃
goblet	🥛
goblin	👺
gold	✨
gold	💍
gold	🟡
gold	🥇
golden	✨
goldfish	🐠
golf	⛳
golfer	🏌️
gondola	🛶
goodbye	👋
goodness	😇
goofy	🙃
goose	🪿
gooseberry	🫐
gorge	🏕️
gorilla	🐒
gorilla	🦍
gosling	🪿
gospel	✝️
gouda	🧀
goulash	🍲
gourd	🎃
governance	🏴
government	🏛️
governor	🧑‍⚖️
gown	🎓
gown	👗
grab	✊
grace	✨
grace	😇
gracious	🫶
grade	✅
graduate	🧑‍🎓
graduation	🧑‍🎓
grain	🌾
grammar	🔤
grammar	🗣️
grandchild	👨‍👩‍👧‍👦
granddad	👴
grandfather	👴
grandfatherclock	🕰️
grandma	👵
grandmother	👵
grandpa	👴
grandparent	👨‍👩‍👧‍👦
granite	🧱
granite	🪨
granny	👵
granola	🥣
grant	🤝
grape	🍇
grapes	🍇
graph	📈
graph	📊
graphite	✏️
grapple	🪝
grappling	🥋
grasp	✊
grasp	💡
grasshopper	🦗
grassland	🌾
grate	🔥
grateful	🙏
grateful	🥹
gratification	😌
gratitude	🙇
gratitude	🙏
grave	🪦
gravel	🧱
graveyard	⚰️
gravitation	🔭
gray	🩶
graze	🤕
grazing	🐑
greatness	🌟
greece	🇬🇷
greed	💰
greek	🇬🇷
greek	🔤
green	⛳
green	🟢
greenery	🌿
greengage	🍇
greenhouse	🌱
greet	🤗
greet	🤝
greeting	👋
grenade	💣
grey	🩶
grief	😢
grieving	😢
grill	🔥
grimace	😠
grimace	😣
grin	😊
grinder	🧂
grinning	😃
grinningcat	😺
grip	✊
grit	🏜️
grit	💪
grizzly	🐻
groan	🙄
grocer	🛍️
groove	💃
grotto	🕳️
grouper	🐟
grouse	🦡
grove	🌳
grove	🍎
grow	🌱
grower	🧑‍🌾
grownup	🧑
growth	🌱
growth	📈
grub	🐛
grudge	😒
grumble	🙄
gruyere	🧀
guard	🛡️
guardian	👼
guardian	🧑‍🦽
guava	🍇
guest	👣
guesthouse	🏨
guffaw	😆
guide	📐
guidebook	📗
guinea	🐹
guitar	🎸
guitarist	🎻
gull	🐦
gully	🏕️
gulp	🥤
gum	🫦
gumbo	🍲
gumdrop	🍬
gums	🦷
gun	🔫
gunship	🚁
guppy	🐟
guru	🧘
gust	🌬️
gust	💨
gut	🫃
gutter	🏠
gutter	🚰
guy	👨
guzzle	🥤
gymnastics	🤸
gyoza	🥟
gyro	🥙
gyrocopter	🚁
habanero	🌶️
habit	📋
hack	🪓
hacker	🧑‍💻
hacksaw	🪚
haddock	🐟
hail	🧊
hailstone	🧊
hair	🦻
hairdresser	💇
halberd	🔪
halfmoon	🌗
halibut	🐟
halloumi	🧀
hallway	🏢
hallway	🚪
halt	🛑
hamburger	🍔
hamlet	🏘️
hammer	🔨
hammock	🛏️
hamper	🚧
hamper	🧺
hamster	🐹
hand	✋
hand	🤝
handbag	👜
handball	🤾
handbell	🔔
handbook	📗
handgun	🔫
handout	📎
handsaw	🪚
handset	📱
handwriting	✍️
handyman	🛠️
hangar	🛫
hanger	🪝
hangul	🈶
hanoi	🇻🇳
happening	⏰
happiness	🎉
happycat	😸
harbor	🏖️
harbour	🏖️
hardback	📕
harddrive	💽
hardship	🏚️
hardship	🧗
hardware	🔩
hare	🐇
harmony	☯️
harmony	🎵
harmony	🧘
harpsichord	🎹
harried	😫
harrier	🦅
harvest	🌾
harvester	🚜
hatch	🚪
hatchback	🚗
hatchery	🥚
hatchet	🪓
haul	🤲
haul	🫸
hauler	🚛
haunted	👻
haunting	👻
hausa	🇳🇬
hawk	🦅
hay	🌾
hayfever	🤧
haze	🌫️
hazelnut	🌰
hazy	🌫️
headboard	🛏️
headland	🏝️
headline	🗞️
headmaster	👨‍🏫
headphones	🎧
headquarters	🏢
headquarters	🏤
headstone	🪦
heal	🩹
health	🩺
healthy	🩺
hear	🎧
hear	👂
hearing	👂
hearing	👨‍⚖️
heart	🫀
heartbeat	🫀
heartbreak	😭
heartbroken	😭
heartened	🌟
hearth	🔥
hearty	😆
heat	🌡️
heater	♨️
heath	🌾
heatwave	🌡️
heave	🤢
heave	🤲
heaven	😇
heavy	🪨
hebrew	✡️
hebrew	🇮🇱
hedge	🌳
hedgehog	🦔
heel	🦶
heels	👠
hefty	🪨
heifer	🐄
height	📏
heighten	⬆️
heir	🎎
helicopter	🚁
hell	😈
hellenic	🇬🇷
hello	👋
helmet	🛡️
help	🤝
helpless	🥺
helsinki	🇫🇮
hem	🧵
hem	🪡
hemisphere	🌍
hemoglobin	🩸
hen	🐓
herb	🧂
herbage	🌿
herd	🐄
herd	🐾
herder	🧑‍🌾
hereditary	🧬
heritage	🎎
hermit	🦀
heroism	🛡️
heron	🦆
herring	🐟
hesitation	❓
hexagon	⬠
hexagram	🔯
hibiscus	🌺
hide	🙈
hifi	📻
high	⛰️
highest	🔝
highland	⛰️
highlighter	🖍️
highrise	🏢
highspeed	🚄
highway	🛣️
hihat	🥁
hiking	🚶
hikingboots	🥾
hilarious	🤣
hinder	🚧
hindi	🇮🇳
hinduism	🕉️
hinge	🔩
hint	🔍
hip	🦿
hippo	🦛
hippopotamus	🦛
hiragana	🈶
historian	📚
history	🔙
hit	👊
hive	🐝
hoagie	🥪
hob	🍳
hobby	🏓
hockey	🏒
hoe	🔨
hog	🐗
hoglet	🐖
hoist	⬆️
hoist	🤲
hold	🤲
holdall	🧳
holder	🎒
holdingback	🥹
holiday	🎊
holland	🇳🇱
holler	📣
holy	🌟
home	🏠
homerun	⚾
homestead	🏠
homestead	🚜
homework	📝
honesty	⚖️
honeybee	🐝
honeycomb	🐝
honeydew	🍈
honeymoon	💒
honor	🏅
hoof	🐾
hook	🥊
hook	🪝
hoop	🏀
hop	🤸
hope	🌈
hope	🤞
hopeful	🤞
hopelessness	🌑
horizontal	↔️
horn	🎺
hornbill	🐦
hornet	🐝
horrified	😱
horror	😱
horse	🐴
horsefly	🪰
horseracing	🏇
horseshoe	🧲
horticulture	🪴
hose	💧
hosiery	🧦
hospice	🏥
hospital	🏥
host	🤗
hostel	🏨
hostility	😡
hosting	☁️
hotairballoon	🎈
hotdog	🌭
hotel	🏨
hotplate	🍳
hotpot	🍲
hotspot	📶
hound	🐕
hour	⏰
hourglass	⏳
house	🏠
housefly	🪰
household	🏠
household	👪
housekeeper	🚿
houseplant	🪴
housework	🧹
housing	🏘️
hovel	🏚️
howitzer	🪖
huckleberry	🫐
hue	🎨
huffing	😤
hug	🫂
huge	🔎
hum	🎤
human	🧑
humdrum	🥱
humidity	🌡️
humility	🙏
hummingbird	🐦
hummus	🧆
humpback	🐳
humus	🍂
hungarian	🇭🇺
hungary	🇭🇺
hunt	🔍
hunter	🏹
hurdle	🏃
hurdle	🧗
hurl	🤾
hurricane	🌪️
hurry	🏃
husband	👫
husbandry	🚜
hush	🤫
hushed	😯
husky	🐕
hut	🏚️
hut	🛖
hyacinth	🌷
hydrate	💧
hyena	🐺
hymn	📖
hyperlink	🌐
hyperlink	🔗
hypocrisy	🤥
hypothesis	💡
hypothesis	📊
hysterical	🤣
iberia	🌍
ibis	🦆
ice	🧊
iceberg	🧊
icebox	🧊
icecream	🍦
iceland	🇮🇸
icelandic	🇮🇸
iceskating	⛸️
icicle	🧊
icy	❄️
idea	💡
idea	🧠
identify	🔎
idiom	💬
idiom	🔤
igbo	🇳🇬
igneous	🪨
ignite	🧨
ignore	🌫️
iguana	🦎
illness	🩺
illuminate	🌟
illustrate	🎨
illustration	🌟
illustrator	🎨
imagination	💡
imaging	🩻
imam	⛪
imbibe	🥤
immediately	⌛
immense	🔎
immigration	🛂
imminent	🔜
immortality	♾️
immunity	🩺
immunization	💉
impartiality	⚖️
impede	🚧
impermanence	⏱️
impersonate	🎭
impish	😏
impression	🧠
improvement	🌱
inbox	📨
inca	🇵🇪
incarceration	⛓️
incensed	😡
incentive	🤑
incident	⏰
incisor	🦷
income	🧮
inconsolable	😭
incubator	🥚
indebted	🙏
indecision	❓
independence	🌍
index	📑
india	🇮🇳
indian	🇮🇳
indication	🔍
indifference	💤
indifference	😑
indifferent	😑
indignant	😠
indignation	😠
indigo	🔵
individual	🧑
individuality	🎨
indonesia	🇮🇩
indonesian	🇮🇩
industry	🏭
inertia	⚙️
inertia	💤
infant	🍼
infant	👶
infantry	🪖
infatuation	😍
infection	🩺
inferno	🔥
infinity	♾️
infirmary	🏥
inflatable	🎈
inflation	🏛️
influenza	🤒
infrequently	📉
infuriated	😡
ingenuity	🧠
ingot	🪙
inhabit	🏠
inhale	👃
inhaler	🫁
initiate	▶️
injection	💉
injury	🤕
ink	🖊️
inlaw	👨‍👩‍👧‍👦
inlet	🏖️
inmate	⛓️
inn	🏨
innings	⚾
innocent	😇
innovation	💡
inoculation	💉
input	📥
inquire	❓
inquisitiveness	🔭
inscribe	✍️
inscription	📝
insect	🐛
insert	📥
insight	💡
insight	🧠
insignia	🏳️
insignificance	👤
insomnia	💤
inspect	🔍
inspiration	🌟
inspired	🌟
install	📲
installment	💰
instance	🌟
instant	⏰
instantly	⌛
institute	🏛️
instruct	👨‍🏫
instruction	👩‍🏫
instructor	🏋️
instructor	👨‍🏫
insulin	💉
insurance	🏦
integer	🔢
integral	♾️
integration	🔗
integrity	⚖️
intellect	🧠
intelligence	🔐
intelligence	🧠
intensity	🔥
intention	🎯
intention	🧭
intercity	🚆
interest	💰
interest	🔭
interference	🌪️
intern	🧑‍🎓
internet	🌐
interpretation	🈶
interrogate	❓
interrupt	⏸️
intersection	🚦
interval	⏱️
intestine	🫃
intimacy	🫂
intricacy	🧩
introduction	🤝
introspection	🧘
invasion	⚔️
inventiveness	💡
inventory	📦
invertebrate	🐛
investigate	🔍
investigator	🕵️
investor	👔
invitation	💌
invoice	📋
invoice	🧾
invoke	🪄
ion	⚗️
iran	🇮🇷
iranian	🇮🇷
iraq	🇮🇶
iraqi	🇮🇶
irate	😡
ireland	🇬🇧
iridescent	🌈
iris	🌺
iris	👁️
irish	🇬🇧
iron	⬛
irrigate	💧
irrigation	💧
irritated	😠
irritation	😠
islam	☪️
islamic	☪️
island	🏝️
isle	🏝️
isolation	😷
isotope	⚗️
israel	🇮🇱
israeli	🇮🇱
issue	❓
issue	🚧
istanbul	🇹🇷
isthmus	🏝️
italian	🇮🇹
italy	🇮🇹
item	📦
itinerary	🗺️
ivory	⚪
ivy	🪴
jab	💉
jab	🥊
jackal	🐺
jackdaw	🦅
jacket	🧥
jackfruit	🍇
jackpot	🎰
jacuzzi	🚿
jade	🟢
jade	🟩
jaguar	🐆
jail	⛓️
jakarta	🇮🇩
jalapeno	🌶️
jambalaya	🍚
janitor	🚿
january	🗓️
japan	🇯🇵
japanese	🇯🇵
jar	🫙
jargon	🔤
jasmine	🌺
javanese	🇮🇩
javelin	🔪
jaw	🧑
jay	🐦
jeans	👖
jeep	🚙
jello	🧃
jelly	🧃
jellyfish	🪼
jerrycan	🛢️
jersey	🎽
jersey	👕
jerusalem	🇮🇱
jesting	😜
jet	⚫
jet	✈️
jet	🖤
jetty	🌉
jewel	👑
jewel	💎
jeweller	🛍️
jewellery	💎
jewelry	💎
jewish	✡️
jig	📐
jigsaw	🧩
jigsaw	🪚
jingle	🎶
jittery	😰
jive	💃
job	💼
jockey	🏇
joey	🦘
jog	🏃
jogging	🏃
johannesburg	🇿🇦
join	🔗
joiner	🧑‍🔧
joint	🦿
joist	🏠
joking	😜
jolly	😊
jordan	🇯🇴
jordanian	🇯🇴
jot	✍️
jotting	📝
journal	📓
journalism	🗞️
journalist	✍️
journey	🗺️
jovial	😊
joy	🎉
joystick	🕹️
jubilant	😄
jubilation	🎉
jubilation	😄
jubilee	🎂
jubilee	🥳
judaism	✡️
judge	👩‍⚖️
judgment	👨‍⚖️
judo	🥋
jug	🍶
juggler	🎪
juice	🧃
jujitsu	🥋
july	🗓️
jump	🤸
junction	🚦
june	🗓️
jungle	🌲
junk	🗑️
jupiter	🪐
juror	🧑‍⚖️
jury	🧑‍⚖️
justice	⚖️
justification	💡
juvenile	🧒
kaftan	👘
kale	🥬
kangaroo	🦘
kanji	🈶
karachi	🇵🇰
karaoke	🎤
karate	🥋
karma	☸️
katakana	🈶
katana	⚔️
katydid	🦗
kayak	🛶
kayaking	🛶
kebab	🥙
keen	🤞
keep	🏰
kelp	🌊
kennel	🏚️
kenya	🇰🇪
kenyan	🇰🇪
kestrel	🦅
kettle	🫖
key	🔑
key	🗝️
keyboard	⌨️
keyboard	🎹
keycap	⌨️
keychain	🔑
keyring	🔑
keys	🎹
keystroke	⌨️
khaki	🟤
kick	🦵
kickscooter	🛴
kid	🐐
kid	🧒
kidding	😜
kidney	🦾
kidneybean	🫘
kiev	🇺🇦
kiln	🏺
kilt	👗
kimono	👘
kin	👪
kind	🫶
kindergarten	🏫
kindle	🧨
kindness	❤️
kindness	🎁
kindness	🫶
kinematics	⚙️
king	♟️
king	👑
kingfisher	🦆
kiosk	🏪
kiss	💋
kit	🧰
kitchen	🍳
kitchenroll	🧻
kite	🦅
kite	🪁
kiteflying	🪁
kitkat	🐈
kitten	🐈
kitty	🐈
kiwi	🇳🇿
kiwi	🐦
kiwifruit	🥝
knapsack	🎒
knapsack	🧳
knead	🥄
knee	🦵
kneecap	🦵
kneeler	🧤
knickknack	🪆
knife	🍴
knife	🗡️
knight	♟️
knit	🧶
knit	🪡
knitting	🧵
knock	🤛
knot	🪢
knowledge	📚
knowledge	🧠
knuckle	✋
koala	🐨
kohlrabi	🥦
koi	🐠
korea	🇰🇷
korean	🇰🇷
korma	🍛
kosher	🕍
kpi	🎯
kraken	🐙
krakow	🇵🇱
kremlin	🇷🇺
krill	🌊
krill	🦐
kualalumpur	🇲🇾
kumquat	🍇
kyiv	🇺🇦
kyoto	🇯🇵
lab	🧑‍🔬
laboratory	🔬
laborer	👷
labrador	🐕
lace	🧵
laceration	🤕
lacewing	🦋
lacrosse	🥍
lad	👦
ladder	🪜
ladle	🥄
lady	👩
ladybird	🐞
ladybug	🐞
lager	🍺
lagoon	🏖️
lagoon	🏞️
lagos	🇳🇬
lahore	🇵🇰
lair	🐾
lake	🏞️
laksa	🍜
lamb	🍖
lamb	🐑
lamp	💡
lamprey	🦈
lan	🛜
lance	🔪
land	🛬
landing	🪜
landline	☎️
landmark	🗼
landmine	💣
landscape	🏞️
landscape	🖼️
landscaping	🪴
landslide	🏔️
lane	🏊
langoustine	🦞
language	🔤
language	🗣️
lantern	🔦
lantern	🕯️
lapel	🪡
laptop	💻
larch	🌲
larder	🍳
large	🔎
lark	🐦
larva	🐛
lasagna	🍝
laser	🔆
lash	🪢
lass	👧
lassi	🥛
latch	🔒
latch	🗝️
late	🐌
lateral	↔️
latest	🆕
lather	🫧
latin	🔤
latte	☕
latvia	🇱🇻
latvian	🇱🇻
laud	👏
laugh	😂
laughingcat	😹
laughingout	😆
laughter	😆
launch	▶️
launch	🏹
launch	🚀
launch	🛥️
launder	🧼
launderette	🧺
laundromat	🧺
laundrybasket	🧺
lava	🌋
lavatory	🚽
lavatory	🚿
lavender	🌺
lavender	🟣
law	⚖️
lawn	🌳
lawn	🏡
lawsuit	👨‍⚖️
lawyer	👩‍⚖️
layup	🏀
lead	⬛
league	🏆
leap	🤸
learn	📚
learning	📚
learning	🧠
lease	💰
leave	🚪
leaves	🍂
lebanese	🇱🇧
lebanon	🇱🇧
lecture	🏫
lecture	🗣️
lecturehall	🏫
lecturer	👨‍🏫
led	💡
ledger	📒
ledger	📓
leek	🧅
left	⬅️
leftovers	🍽️
leftward	⬅️
leg	🦵
legal	⚖️
legend	📖
leggings	👖
legislation	⚖️
legislator	🧑‍⚖️
legislature	🏛️
legume	🫘
lehenga	🥻
leisure	🏓
lemon	🍋
lemon	🟡
lemonade	🥤
lemur	🐒
length	📏
lens	📸
lens	🔬
lentil	🫘
leopard	🐆
leotard	🩱
lessen	⬇️
lesson	🏫
letdown	😞
letgo	🫳
lethal	☠️
lethargic	😴
lethargy	💤
lethargy	😴
letter	✉️
letter	🔤
letters	🔡
lettuce	🥬
levant	🌍
level	🗜️
lever	⚙️
leverage	⚙️
leveret	🐇
levy	💲
levy	🧮
lexicon	🔤
liability	⚖️
liberty	🌍
librarian	📚
library	🏛️
library	📚
license	📋
lichen	🪴
lie	🛌
lies	🎭
lieutenant	🪖
lifeguard	🌊
lift	⬆️
lift	🛗
lift	🤲
liftoff	🚀
ligament	🦿
light	🔆
light	🧨
light	🪶
lightbulb	💡
lighting	💡
lightning	⛈️
lightningbolt	🌩️
lightrail	🚊
likelihood	🎲
lilac	🟣
lily	🌺
lima	🇵🇪
lime	🍋
lime	🟢
limestone	🧱
limestone	🪨
limit	♾️
limitation	⛓️
line	➖
lineage	👪
linen	🧵
lineout	🏉
liner	🚢
linesman	📣
linguine	🍝
linguistics	🔤
lining	🪡
link	🔗
linkage	🔗
lion	🦁
lioness	🦁
lip	👄
lips	👄
lipstick	💄
liquefy	🧊
liqueur	🥃
liquor	🥃
lisbon	🇵🇹
list	📋
listen	🎧
listen	👂
listening	🎧
listless	😑
literacy	🔤
lithium	🔋
lithuania	🇱🇹
lithuanian	🇱🇹
litigation	👨‍⚖️
litter	🍂
litter	🗑️
little	🔬
liturgy	⛪
livelihood	💼
liveliness	⚡
liver	🦾
livestock	🐄
livestream	🎥
livid	😡
livingroom	🛋️
lizard	🦎
ljubljana	🇸🇮
load	📥
load	📦
loaf	🍞
loafer	👞
loam	🍂
loan	💰
lob	🤾
lobby	🏢
lobby	🚪
lobster	🦞
locale	🌍
locate	🔎
location	📍
loch	🏞️
lock	🔒
locket	📿
locksmith	🧑‍🔧
locomotive	🚂
locust	🦗
lodge	🏚️
lodge	🏠
lodge	🏨
loft	🏠
loft	🏢
lofty	⛰️
log	🪵
loganberry	🫐
logbook	📓
logger	🪓
logic	🏛️
login	🔑
logistician	🚚
logistics	📦
lollipop	🍬
lollipop	🍭
london	🇬🇧
longboard	🛹
longbow	🏹
loo	🚽
look	👀
lookingglass	🪞
loom	🧵
loony	🤪
loop	➰
loosen	🪛
lorry	🚛
lose	😞
loss	💔
loss	📉
lotion	🧴
lotus	🌺
loud	🔊
loudspeaker	🔊
lounge	🛋️
loupe	🔬
louse	🐜
love	❤️
lovebird	🦜
lovelorn	💔
loveseat	🛋️
loving	💖
lovingcat	😻
low	🐜
lowbattery	🪫
lower	⬇️
lowest	🔽
lowland	🏞️
lowpressure	🌀
loyalty	🤝
lp	💿
lucidity	⚪
luck	🎲
ludicrous	🤡
luge	🛷
luggage	🧳
lumber	🪵
lumberjack	🪓
lunar	🌕
lung	🫁
lungs	🫁
lure	🧲
lute	🎸
lychee	🍇
lying	🛌
lynx	🐆
lyricist	🎼
macadamia	🌰
macaque	🐒
macaroni	🍝
macaw	🦜
macchiato	☕
mace	🏏
machinelearning	🧠
machinist	🧑‍🔧
mackerel	🐟
mackintosh	🧥
madrid	🇪🇸
magenta	🟣
maggot	🐛
maghreb	🌍
magistrate	👩‍⚖️
maglev	🚝
magma	🌋
magnet	🧲
magnetic	🧲
magnetism	🧲
magnificence	✨
magnifier	🔬
magnolia	🌺
magpie	🐦
magyar	🇭🇺
mahjong	🀄
maid	🚿
mail	📧
mailbox	📬
mailbox	📮
mainframe	💻
maize	🌽
make	🔨
makeup	💄
maki	🍣
mala	📿
malay	🇲🇾
malaysia	🇲🇾
malaysian	🇲🇾
malice	😈
mall	🏬
mallard	🦆
mallet	🔨
malware	🔒
mamba	🐍
mammal	🐾
mammoth	🐘
man	👨
manager	👔
manager	🧑‍💼
mandarin	🇨🇳
mandarin	🍊
mandate	📜
mandolin	🎸
mane	🐾
mangetout	🫛
mango	🥭
manicure	💅
manila	🇵🇭
manner	🛠️
manta	🦈
mantel	🔥
mantelclock	🕰️
mantis	🦗
mantra	🕉️
manual	📗
manufacturing	🏭
manure	🍂
manuscript	📃
maori	🇳🇿
map	🗺️
maple	🍁
mapleleaf	🍁
marathon	🏃
marble	🗿
marble	🧱
marble	🪨
march	📢
march	🗓️
march	🚶
mare	🐴
margarine	🧈
margarita	🍸
margherita	🍕
marigold	🏵️
marine	🪖
mariner	⚓
mark	✅
markdown	🏷️
marker	🖍️
market	💹
marketing	📣
marketplace	🏬
markup	🏷️
marlin	🐟
marmoset	🐒
maroon	🔴
marquee	🎪
marrakech	🇲🇦
marriage	💒
marrow	🥒
marrow	🦴
mars	🪐
marsh	🌾
marshal	👮
marshmallow	🍭
martialarts	🥋
martin	🐦
martini	🍸
marvel	😮
marvel	😲
marzipan	🍭
masala	🍛
mascara	💄
mask	😷
mask	🙈
mason	🛠️
masonry	🧱
masquerade	🎭
mass	⛪
massif	⛰️
massive	🔎
master	🧑‍🎓
masterpiece	🖼️
matcha	🍵
mate	🧉
mate	🧑‍🤝‍🧑
materialism	💰
materials	🧴
maternity	🤰
mathematics	🧮
matrimony	💒
matrix	🧮
matryoshka	🪆
matter	❓
mattress	🛏️
mausoleum	⚰️
mauve	🟣
maxim	💬
maxiskirt	👗
may	🗓️
mayan	🇲🇽
mayfly	🦋
mayhem	💥
mayor	🧑‍⚖️
mcintosh	🍎
meadow	🌾
meadow	🏡
meal	🍽️
meander	🚶
measure	⚖️
measure	📊
measure	📏
measurement	🌡️
meat	🍖
mecca	🇸🇦
mechanic	🧑‍🔧
mechanical	🤖
mechanics	⚙️
mechanism	⚙️
medal	🏅
medallion	🪙
media	📻
medic	⚕️
medication	💊
medicine	💊
medina	🇸🇦
meditation	☸️
mediterranean	🌍
medusa	🪼
meekness	🙏
meh	😐
melancholic	😔
melancholy	😔
melancholy	😢
melbourne	🇦🇺
mellow	😌
melody	🎵
melon	🍉
melt	🧊
melting	🫠
memo	📝
memoir	📖
memorial	🏛️
memorize	📚
memorize	🧠
memory	💭
memorycard	💽
mend	🔧
mend	🧵
mention	🗣️
mentor	👨‍🏫
mentor	🧑‍🏫
mentorship	🧑‍🏫
menu	🍽️
merchant	🛍️
mercury	🪐
mere	🏞️
merge	🔗
merger	🤝
merit	🌟
merlot	🍷
merriment	🥳
merry	😊
merrygoround	🎠
mesa	🏞️
mesh	🪟
message	💬
message	📟
message	📨
metabolism	🥗
metal	🔩
metallic	🥈
metamorphic	🪨
meteor	💫
meteorite	💫
meteorology	🌪️
method	⚖️
method	🛠️
methodology	🔬
metric	📊
metro	🚇
metropolis	🏙️
mexican	🇲🇽
mexico	🇲🇽
mexicocity	🇲🇽
mezzanine	🏢
mice	🐭
microbe	🦠
microchip	🧮
microelectronics	🔬
microgreen	🌱
microphone	🎤
midday	🌞
middle	🎯
midfielder	⚽
midge	🦟
midnight	🌃
midterm	✅
midwife	⚕️
miffed	😤
might	💪
mildew	🍄
milestone	🎂
milestone	🎯
military	🎖️
milk	🥛
milkyway	🌌
mill	🏭
mill	🧂
millennium	📆
millipede	🐌
mime	🎪
mimic	🎭
minaret	🕌
mince	🍖
mind	🧠
mindblown	🤯
mindfulness	🧘
mine	💣
miner	⛏️
mineral	⛏️
mineral	🌍
mineral	🧂
miniature	🔬
minibus	🚌
minicab	🚕
minidisc	💽
minimart	🏪
miniskirt	👗
minister	⛪
ministry	⛪
ministry	🏛️
ministry	🏤
minivan	🚐
minnow	🐟
minus	➖
minute	⏰
minute	🔬
miracle	🌟
mirror	🪞
mirth	😄
mischievous	😏
miserable	😖
misery	😖
misery	😢
misgiving	😟
missile	🚀
missionary	⛪
missive	🖋️
mist	🌫️
mist	💨
misty	🌫️
mite	🐜
mittens	🧤
mix	🥄
mixer	🎚️
moan	🙄
moat	🏰
mobile	📱
mobility	♿
moccasin	👞
mocha	☕
mochi	🍡
mode	🛠️
modem	🛜
moderation	🧘
modern	🆕
modesty	🙏
moisten	💧
moisture	🌡️
moisturizer	🧴
mojito	🍸
molar	🦷
molasses	🍯
mold	🔨
molecule	⚗️
mom	👨‍👩‍👧
moment	⏰
momentary	⏱️
momentum	⚙️
monarch	🦋
monarchy	👑
monastery	⛪
monday	📅
monetary	🏛️
money	💰
monitor	🖥️
monk	⛪
monk	🧘
monkey	🐒
monocle	👓
monologue	🎭
monorail	🚊
monotonous	🥱
monotony	🥱
monster	👹
montage	🎬
month	📆
montreal	🇨🇦
monument	🏛️
moody	😒
mooncake	🥮
moonstone	⚪
moonwalk	🕺
moor	🌾
mooring	⚓
moose	🦌
mop	🧹
moped	🏍️
morality	😇
moray	🦈
morning	🌅
moroccan	🇲🇦
morocco	🇲🇦
mortar	🧱
mortar	🪖
mortarboard	🎓
mortgage	💰
mortification	😳
mortified	💀
mortified	😳
moscow	🇷🇺
mosque	⛪
mosque	🕌
mosquito	🦟
moss	🪴
motel	🏨
moth	🦋
mother	👨‍👩‍👧
motherboard	🧮
mothertongue	🗣️
motif	🎵
motion	👋
motivated	💪
motive	💡
motorbike	🏍️
motorboat	🚤
motorcar	🚗
motorcycle	🏍️
motorway	🛣️
mould	🍄
mountain	⛰️
mountainbiking	🚵
mountaineering	🧗
mournful	😢
mourning	⚰️
mouse	🐭
mouse	🖱️
mousetrap	🪤
moustache	🦰
mouth	👄
mouthwash	🪥
move	↔️
moved	🥲
movie	🎬
mozzarella	🧀
mri	🩻
mudslide	🏔️
muesli	🥣
muezzin	🕌
muffin	🧁
muffler	🧣
mug	🍵
mulberry	🫐
mulch	🍂
mullet	🐟
multicolour	🌈
multilingual	🈶
multiplex	🎬
multiplication	✖️
multiply	✖️
multitude	👯
mum	👨‍👩‍👧
mum	😶
mumbai	🇮🇳
mumble	🤫
munch	🍽️
munition	💥
mural	🎨
murk	🌫️
murmur	🤫
muscle	💪
muse	🤔
museum	🏛️
mushroom	🍄
music	🎵
musician	🎻
musing	💭
musket	🔫
muskmelon	🍈
mussel	🐚
mustache	🦰
mustang	🐴
mustard	🟡
mutation	🧬
mutt	🐕
mutter	🤫
mutton	🐑
mystery	🔮
myth	📖
nadir	🔽
nail	🔩
nailpolish	💅
nairobi	🇰🇪
nanny	🐐
nanotech	🔬
nap	💤
nape	👤
narcissus	🌷
narrative	📖
narrow	📐
narutomaki	🍥
narwhal	🐳
nasal	👃
nationality	🛂
nativespeaker	🗣️
natural	🌿
nature	🌿
naughty	😈
nauseated	🤢
navigator	🧑‍✈️
navy	🎖️
navy	🔵
nebula	🌌
neck	👤
necklace	📿
necktie	👔
nectar	🍯
nectar	🧃
nectarine	🍑
needle	🪡
needlework	🧵
needy	🥺
negative	🎞️
neglect	🌫️
negotiation	🕊️
negotiation	🤝
neighbor	👥
neighborhood	🏙️
nematode	🪱
nephew	👨‍👩‍👧‍👦
neptune	🪐
nerve	🦾
nervouslaugh	😅
nervousness	😨
nest	🪺
nestling	🐦
net	🥅
netherlands	🇳🇱
netting	🪟
network	🛜
networking	🤝
neuralnetwork	🧠
neuron	🧠
neuroscience	🧠
neutral	😐
neutron	⚛️
never	🚫
newborn	👶
newcomer	👣
newmoon	🌑
newsletter	📧
newspaper	🗞️
newsstand	🏪
newt	🦎
newyork	🇺🇸
newzealand	🇳🇿
nib	🖊️
nibble	🍽️
nickel	⬜
nickel	🪙
niece	👨‍👩‍👧‍👦
nigeria	🇳🇬
nigerian	🇳🇬
night	🌃
nightcrawler	🪱
nightfall	🌇
nightfall	🌙
nightingale	🐦
nighttime	🌃
nigiri	🍣
nile	🇪🇬
nimbleness	🏃
nimbus	☁️
nip	🤏
nippon	🇯🇵
nirvana	☸️
nobility	😇
nonplussed	😕
noodle	🍜
noodles	🍜
noon	🌞
north	🧭
northward	🧭
norway	🇳🇴
norwegian	🇳🇴
nose	👃
nosegay	💐
nostalgia	💭
nostalgia	🥲
nostalgic	🥲
nostril	👃
notary	⚖️
notation	🎼
note	🎵
note	📝
notebook	💻
notebook	📓
notes	🎶
notes	📝
notice	👀
notion	🧠
notoriety	🌟
nougat	🍭
nourishment	🍽️
novel	📕
novelist	✍️
november	🗓️
nuclear	💥
nucleus	⚛️
nucleus	🎯
nudge	👐
nugget	🪙
number	📊
number	🔢
numbers	🔢
nun	⛪
nuptials	💒
nurse	👩‍⚕️
nursery	🌱
nursing	🍼
nurture	🌱
nut	🔩
nut	🥜
nutrient	🥗
nutrition	🥗
nuts	🥜
nutty	🤪
nuzzle	🫂
nylon	🧵
nymph	🐛
oar	🚣
oasis	🏜️
oatmeal	🥣
oats	🌾
obelisk	🗼
object	📦
objection	👎
objective	🎯
oblique	🔀
oboe	🎷
obscure	🙈
obscurity	👤
observance	🔔
observation	🔬
observation	🗨️
observatory	🔭
observe	👀
obsidian	🖤
obsidian	🪨
obstacle	🧗
obstruct	🚧
occasion	⏰
occasionally	📉
occupation	💼
occurrence	⏰
ocean	🌊
oceania	🌏
oceanliner	🛳️
ocelot	🐆
ochre	🟡
octagon	⬠
october	🗓️
octopus	🐙
odds	🎲
odyssey	🗺️
offer	🤝
office	🏢
office	🏤
officer	👮
offroader	🚙
offspring	👨‍👦
often	📈
ogre	👹
oil	🎨
ointment	🧴
okra	🥦
oldster	🧓
olive	🟢
olive	🫒
om	🕉️
omelet	🍳
omelette	🍳
omen	🔮
omit	⏭️
onepiece	🩱
onigiri	🍙
onion	🧅
online	🌐
onoff	⏻
onward	➡️
onyx	⚫
onyx	🖤
oolong	🍵
opal	⚪
open	🔓
operation	⚙️
operator	🧑‍🏭
opinion	🧠
optician	⚕️
optics	🔆
optimism	🌈
optimism	🤞
optimistic	🤞
option	⚙️
optometrist	⚕️
oracle	🔮
orange	🍊
orange	🟠
orangutan	🐒
orangutan	🦧
oration	🗣️
orb	⭕
orbit	🛰️
orbital	🔭
orbiter	🛰️
orca	🐳
orchard	🍎
orchid	🌺
order	⚖️
orderly	👩‍⚕️
ordinance	⚖️
ore	⛏️
organ	🎹
organ	🦾
organism	🧬
organization	⚖️
origami	🎯
originality	🎨
originality	💡
ornament	🪆
orthodontist	🦷
osaka	🇯🇵
oscillation	🌊
oslo	🇳🇴
osprey	🦅
ostrich	🐦
ottawa	🇨🇦
otter	🦦
ottoman	🇹🇷
outback	🇦🇺
outbreak	😷
outcome	⚖️
outdoors	🏞️
outerspace	🚀
outfit	👕
outhouse	🏚️
outlay	💸
outlet	🔌
outline	📋
outpost	👮
output	🏭
outrage	🤬
outraged	🤬
outsider	👣
oven	🍳
ovenmitt	🧑‍🍳
overcast	☁️
overcast	🌤️
overcoat	🧥
overcome	🏆
overdraft	🏦
overdue	🐌
overhaul	🔧
overhead	⬆️
overhear	🎧
overheated	🥵
overjoyed	🤩
overlook	🌫️
overpass	🌉
overwhelmed	😫
overwhelmed	🤯
overwhelmed	🫠
owl	🦉
owlet	🦉
ox	🐄
oxford	👞
oyster	🐚
pachyderm	🐘
pacific	🌏
pack	🐾
pack	📦
package	🎀
package	📦
paddle	🏊
paddle	🏓
paddle	🛶
paddling	🛶
paddock	🏡
paddy	🌽
padlock	🗝️
paella	🍚
page	📄
page	📖
pager	📟
pagoda	⛪
pagoda	🏯
pail	🪣
painkiller	💊
paint	🎨
paintbrush	🖌️
painter	🎨
painting	🎨
pakistan	🇵🇰
pakistani	🇵🇰
pal	🧑‍🤝‍🧑
palace	🏰
palate	👅
paleontology	🦴
palette	🎨
palm	✋
palm	🌴
pan	🍲
pancake	🥞
pancreas	🦾
panda	🐼
pandemic	😷
pandemonium	💥
pane	🪟
panic	😰
panicky	😰
panini	🥪
panna	🍮
panorama	🏞️
pansy	🌺
panther	🐆
pantry	🍳
pants	👖
papaya	🍇
paper	📄
paper	🧻
paperback	📕
paperclip	📎
papercraft	🎯
paperwork	📋
paprika	🫑
parable	📖
parachute	🪂
paradise	😇
paraglider	🪂
paragraph	📖
parakeet	🦜
paralegal	⚖️
parallel	🟰
paramedic	⚕️
paramedic	🏥
parameter	⚙️
parasite	🦠
paratrooper	🪖
parcel	🎀
parcel	📦
parch	☀️
parched	🏜️
parchment	📜
parents	👨‍👩‍👧
paringknife	🔪
paris	🇫🇷
parish	⛪
parisian	🇫🇷
parka	🧥
parking	🅿️
parliament	🏛️
parlor	🛋️
parmesan	🧀
parody	🎭
parole	🔨
parrot	🦜
parsnip	🥕
part	🧱
particle	⚛️
partition	✂️
partition	🧱
partlycloudy	🌤️
partner	👫
partnership	🤝
partridge	🦡
party	🎈
party	🎉
pashmina	🧣
pass	🎫
passage	📖
passage	🔑
passage	🚪
passage	🧭
passcode	🔒
passion	🔥
passionfruit	🍇
passport	🛂
password	🔒
past	🔙
pasta	🍝
pastel	🎨
pastime	🏓
pastor	⛪
pastry	🥧
pastrychef	🧑‍🍳
pasture	🌾
pasture	🏡
pasturing	🐑
pat	✋
patagonia	🇦🇷
patch	🌻
patch	🔧
path	🏡
path	🧭
pathogen	🩺
patience	⏳
patio	🚪
patrol	🚓
patron	🧑‍💼
pattern	🔁
patty	🍔
pause	⏸️
pause	🛑
pavilion	🎪
paw	🐾
pawn	♟️
pawn	🎲
paycheck	💼
payment	💳
payroll	💼
pc	💻
pea	🫛
peace	🕊️
peaceful	😌
peach	🍑
peacoat	🧥
peacock	🦚
peafowl	🦚
peahen	🦚
peak	⛰️
peak	🔝
peanut	🌰
peanut	🥜
pear	🍐
pearl	⚪
peas	🫛
pebble	🧱
pecan	🌰
peck	💋
pedagogy	👩‍🏫
pedicure	💅
peek	👀
peer	👀
peeved	😤
peg	🧷
pelican	🦆
peloton	🚴
pelvis	🦴
pen	✍️
pen	🏡
pen	🖊️
penalize	⚖️
penalty	🔨
pencil	✏️
pencilcase	✏️
pendant	📿
pendulum	🕰️
penguin	🐧
peninsula	🏝️
penitentiary	⛓️
penmanship	✍️
pennant	🏳️
penne	🍝
penny	🪙
pension	🏦
pensioner	🧓
pentagon	⬠
penthouse	🏢
peony	🌺
pepper	🧂
pepper	🫑
pepperoni	🍕
perceive	💡
percentage	🔢
perception	🧠
perch	🐟
perch	🪑
percussion	🥁
perfection	💯
performance	🎭
performer	🎭
pergola	🌷
peridot	🟩
period	⏱️
period	🕰️
perk	🤑
permanence	🗿
permission	🔑
permit	📋
perpetually	🔄
perpetuity	♾️
perplexed	😕
perplexity	❔
perseverance	⏳
perseverance	💪
persia	🇮🇷
persian	🇮🇷
persimmon	🍇
persistence	⏳
person	🧑
personnel	💼
peru	🇵🇪
peruse	📖
peruvian	🇵🇪
pest	🐛
petal	🌹
petite	🔬
petition	📢
petridish	🧫
petrified	😨
petrolstation	⛽
petunia	🌺
pew	🪑
pewter	🩶
phantom	👻
pharaoh	🇪🇬
pharmacist	⚕️
pharmacology	💊
phd	🧑‍🎓
pheasant	🦡
phial	🧴
philanthropy	🤲
philippines	🇵🇭
philosophy	🏛️
pho	🍜
phone	📱
phonecall	📞
phonics	🔤
photo	📸
photocopier	🖨️
photograph	📸
photography	📸
photon	🔆
photosynthesis	🌱
phrase	💬
phrasebook	🗣️
physician	🧑‍⚕️
physicist	👩‍🔬
physics	⚛️
physiotherapist	⚕️
pianist	🎻
piano	🎹
piazza	⛲
piccolo	🪈
pickaxe	⚒️
pickle	🥒
pickup	🚚
picture	🖼️
picturebook	📙
pie	🥧
piece	🧱
pier	🌉
pier	🏖️
pierce	🔪
pierogi	🥟
piety	🙏
pig	🐖
pigeon	🕊️
piglet	🐖
pigment	🎨
pike	🐟
pike	🔪
pilaf	🍚
pilates	🧘
pilgrim	🎗️
pilgrimage	🎗️
pilgrimage	🗺️
pill	💊
pilot	🧑‍✈️
pilsner	🍺
pin	📌
pin	🧷
pinata	🪅
pinball	🕹️
pinch	🤏
pine	🌲
pineapple	🍍
pingpong	🏓
pinion	⚙️
pink	🩷
pins	🎳
pint	🍺
pinto	🫘
pipe	🚰
pipette	🧪
pippin	🍎
pirouette	💃
pistachio	🌰
piste	🎿
pistol	🔫
pit	🕳️
pita	🥙
pitch	⚽
pitch	🎵
pitch	🤾
pitcher	⚾
pitcher	🍶
pixel	👾
pizza	🍕
place	🌍
place	📍
placid	😌
plain	🏞️
plainness	⚪
plait	🪡
plan	📋
plane	⚒️
plane	✈️
planet	🌍
planet	🪐
plank	🪵
plankton	🌊
planner	🗓️
plant	🏭
plantain	🍌
plantation	🍎
planting	🌾
plaque	🏆
plasma	🩸
plaster	🩹
plate	🍽️
plateau	🏞️
platelet	🩸
platform	🚉
platinum	💍
platoon	🎖️
platter	🍽️
play	🎭
playback	🎧
playful	😏
playful	😜
playhouse	🎬
playingcards	🃏
playlist	💿
playoff	🏆
plaything	🧸
playwright	✍️
plaza	⛲
pleading	🥺
pleased	😊
plenty	🍀
plimsolls	👟
plot	🌻
plot	📈
plotter	🖨️
plough	🚜
plover	🐦
plug	🔌
plum	🍇
plum	🟣
plumage	🐦
plumber	🧑‍🔧
plumbing	🚰
plunge	🏊
plunger	🪠
plus	➕
plushie	🧸
pluto	🪐
pm	🌃
poach	🍳
pocket	🪡
podcast	🎙️
podium	🏆
poet	✍️
point	❓
pointe	🩰
pointer	🖱️
poise	😌
poker	🃏
poland	🇵🇱
polarity	🧲
police	👮
policeman	👮
policestation	👮
policewoman	👮
policy	🏦
policy	🏴
polish	🇵🇱
polish	🧹
politician	🧑‍⚖️
poll	🗳️
pollen	🤧
pollination	🌱
pollock	🐟
polo	👕
poltergeist	👻
polyester	🧵
polygon	📐
polymer	🧴
polyp	🪸
pomegranate	🍇
pond	🏞️
ponder	🤔
pondering	💭
pontoon	🌉
pony	🐴
ponytail	🦻
poodle	🐕
pool	🎱
pool	🏊
pool	🏞️
pop	🥤
popcorn	🍿
poppy	🌺
populace	👥
porch	🚪
porcupine	🦔
pore	🖐️
pork	🍖
porpoise	🐬
porridge	🥣
port	🍷
portal	🚪
porter	🍺
portfolio	💹
portfolio	💼
portion	🍽️
portion	🧱
portobello	🍄
portrait	📸
portrait	🖼️
portray	🎨
portugal	🇵🇹
portuguese	🇵🇹
position	📍
positivity	🌈
possibility	🎲
post	📮
postal	📮
postbox	📮
poster	🖼️
posthorn	📯
posy	💐
pot	🍲
potato	🥔
potency	💪
potholder	🧑‍🍳
potplant	🪴
potsticker	🥟
potter	🏺
potter	🛠️
pottery	🏺
pouch	👝
poultry	🍗
poultry	🐓
poultry	🥚
pound	💷
pour	🫗
pouting	😡
poverty	🏚️
power	⏻
power	💪
power	🔋
powerboat	🚤
powerlifting	🏋️
practice	📋
practice	📚
practitioner	🧑‍⚕️
prague	🇨🇿
prairie	🌾
praise	👏
praline	🍫
prawn	🦐
prayer	🙏
prayerbeads	📿
preacher	⛪
precinct	👮
precipice	⛰️
precipitation	🌧️
precision	💯
predator	🐾
predicament	🚧
preference	⚙️
pregnant	🤰
prehistoric	🗿
premature	⏲️
premises	🏢
premium	🏦
premonition	🔮
preschool	🏫
prescription	💊
present	⌛
present	🎁
present	🤝
presentation	📊
presentation	🗣️
preserve	🥫
press	🗜️
press	🗞️
pressure	🌡️
prestige	🌟
pretend	🎭
pretense	🤥
pretzel	🥨
prevail	🏆
previously	🔙
prey	🐾
price	🏷️
pricing	🏷️
prick	🔪
prickly	🌵
pride	🦁
priest	⛪
primer	📗
primeval	🗿
primrose	🌼
prince	👑
princess	👑
principal	👨‍🏫
principle	💡
printer	📰
printer	🖨️
prism	🌈
prison	⛓️
prize	🏆
probability	🎲
probability	📊
probation	🔨
probe	🔍
probe	🛰️
problem	❓
problem	🚧
procedure	🛠️
process	⚙️
process	🛠️
processor	🧮
proclamation	📢
produce	🍅
produce	🎬
produce	🔨
producer	🎬
product	✖️
production	🏭
profession	💼
professor	👨‍🏫
professor	🧑‍🏫
profit	📈
programmer	👨‍💻
programming	👨‍💻
progress	🌱
progression	🔁
projectile	🚀
projection	📊
projector	📽️
promenade	🏖️
promontory	🏝️
promotion	📣
pronunciation	🗣️
proof	🧮
propel	🏹
propeller	🛩️
property	🏢
prophecy	🔮
proposal	📋
prose	📖
prosecco	🥂
prosecutor	👩‍⚖️
prospect	🎲
prospector	⛏️
prosperity	🍀
prosthesis	🦾
prosthetic	♿
protect	🛡️
protection	🛡️
protection	🧿
protest	📢
proton	⚛️
protractor	📐
proverb	💬
prowess	🌟
prune	✂️
pruner	✂️
psalm	📖
psychiatrist	🧠
psychiatry	🧠
psychologist	🧠
psychology	🧠
pub	🍺
public	👥
publicity	📣
publisher	📰
puck	🏒
pudding	🍰
puddle	🌧️
pufferfish	🐡
puffin	🐦
pug	🐕
pull	🫸
pulley	⚙️
pulse	🫀
puma	🐆
pump	🧴
pumpkin	🎃
pumps	👠
punch	🍹
punch	👊
punch	🥊
puncture	🔪
punish	⚖️
punishment	🔨
punjabi	🇮🇳
pup	🐕
pupa	🐛
pupil	👁️
pupil	🧑‍🎓
puppy	🐕
purple	🟣
purpose	🎯
purpose	🧭
purse	👜
push	👐
putt	⛳
puzzle	🔮
puzzle	🧩
puzzled	😕
pyramid	🇪🇬
pyramid	🔺
python	🐍
quaff	🥤
quail	🦡
qualification	📜
quality	🌟
qualms	😨
quandary	🚧
quantify	📏
quantity	📊
quantum	⚛️
quarantine	😷
quarrel	🗯️
quarry	🧱
quarryman	⛏️
quarter	🌗
quarter	🪙
quarterback	🏈
quarterly	🌗
quartz	🪨
quay	🌉
queasy	🤢
quebec	🇨🇦
queen	♟️
queen	👑
queenbee	🐝
quench	🧯
query	❓
quesadilla	🌯
question	❓
question	🙋
quiche	🍳
quickness	🏃
quiet	🤫
quietude	🕊️
quilling	🎯
quilting	🧵
quince	🍏
quit	🛑
quiver	🏹
quiz	✅
quote	📋
quotient	➗
quran	☪️
rabbi	⛪
rabbi	🕍
rabbit	🐇
raccoon	🦝
race	🏃
racecar	🏎️
racer	🏎️
racetrack	🏟️
racket	🎾
raclette	🫕
radiance	✨
radiant	😃
radiant	😊
radiate	🌟
radiation	💥
radiator	♨️
radio	📻
radioactive	💥
radiography	🩻
radiologist	⚕️
radish	🥦
radius	📐
raft	🛶
rafter	🏠
rage	😡
raid	⚔️
rail	🚆
railcar	🚋
railroad	🚆
railtrack	🛤️
railway	🚆
rainbow	🌈
raincoat	🧥
raindrop	🌧️
rainforest	🌲
rainy	🌧️
raise	⬆️
raise	🙋
raise	🤑
raisin	🍇
rake	🔨
rally	📢
ram	🐐
ram	🐑
ramadan	🕌
ramble	🚶
rambling	🚶
rambutan	🍇
ramen	🍜
rampart	🏰
rampart	🛡️
ranch	🚜
rancher	🧑‍🌾
range	⛰️
range	🍳
ranger	🪖
rap	🤛
rapids	🏞️
rapier	⚔️
rappelling	🧗
rapper	🎤
rapport	🤝
raptor	🦖
rarely	📉
rasher	🥓
rasp	⚒️
raspberry	🫐
rat	🐀
ratchet	⚙️
ratchet	🔧
ratio	🔢
rationale	💡
rattan	🧺
rattlesnake	🐍
raven	🦅
ravine	🏕️
ravioli	🍝
ray	🔦
raze	🏗️
razor	🪒
reach	🛬
reaction	💥
reaction	🧪
read	📖
reading	📖
reagent	🧪
reality	✅
realize	💡
reap	🌾
reaping	🌾
rearward	↩️
reason	💡
reason	🤔
reassurance	🤗
reassuring	🤗
rebate	🏷️
reboot	⏻
rebuke	👎
recall	🧠
receipt	🧾
receive	🤗
receive	🫴
receiver	📡
recent	🆕
receptacle	🎒
reception	🏢
reception	📶
receptionist	🧑‍💼
recess	🎊
recession	📉
rechargeable	🔋
recipe	🍽️
reckon	🔢
reclaim	♻️
recline	🛌
recliner	🪑
recognition	🙇
recollect	🧠
recollection	💭
recompense	🎁
record	💿
record	📄
record	📸
recorder	🪈
recording	🎙️
recreation	🏓
recruit	🪖
rectangle	🔷
recur	🔁
recycle	♻️
red	🔴
redemption	😇
redo	🔁
reduce	➖
redwood	🌲
reef	🏝️
reef	🪸
reel	🎞️
reel	🎣
reel	🧵
referee	📣
reference	📚
referendum	🗳️
refinery	🏭
reflect	🤔
reflection	💭
reflection	🔆
reflection	🧘
reflection	🪞
reflector	🪞
refraction	🔆
refrain	🎶
refreshment	🥤
refrigerate	🧊
refrigerator	❄️
refugee	🛂
refuse	🙅
regatta	🚣
regiment	🎖️
region	🌍
register	📒
registration	📋
regression	📉
regression	📊
regularly	📈
regulation	⚖️
rehearsal	🎭
rehearse	📚
reign	👑
reimbursement	🧾
reindeer	🦌
reiterate	🔁
reject	🙅
rejected	💔
rejection	👎
rejection	💔
rejoin	💬
relation	🔗
relations	👪
relationship	💑
relatives	👪
relaxation	😌
relay	🏃
relay	📡
release	🫳
reliability	🤝
relic	🪬
relief	🗿
relief	😌
relieve	🩹
relieved	😮‍💨
relinquish	😞
relish	😋
relocate	↔️
remain	🏠
remark	🗨️
remedy	💊
remedy	🗝️
remedy	🩹
remember	🧠
remembrance	💭
reminiscence	💭
remittance	💱
remove	➖
remove	📤
render	🎨
renown	🌟
rent	💰
repair	🔧
repay	🎁
repayment	💰
repeat	🔁
repeatedly	📈
repel	🚫
repercussion	⚖️
reply	💬
report	📝
report	🗞️
reporter	✍️
repose	🕊️
repository	🗄️
reprieve	😌
reproach	👎
repulsed	🤢
repurpose	♻️
requiem	⚰️
rerun	🔁
research	🔬
researcher	👩‍🔬
resentful	😒
resentment	😒
resentment	😡
reservation	🏨
reservoir	🏞️
reservoir	🛢️
reside	🏠
residence	🏠
residency	🛂
resistor	⚡
resolute	💪
resolution	🗝️
resolve	🎯
resonance	🌊
resort	🏖️
resort	🏨
resourcefulness	💡
respect	🙏
respiration	🫁
respite	😌
respond	💬
rest	💤
restart	⏻
restaurant	🍽️
restore	🔧
restriction	⛓️
restroom	🚿
result	⚖️
result	✅
retail	🛒
retailer	🛍️
retain	🧠
retch	🤢
retina	👁️
retiree	🧓
retort	💬
retriever	🐕
retro	👾
reuse	♻️
revelry	🥳
revenue	📈
reverence	🙏
reverse	↩️
revise	📚
revolted	🤢
revolve	🔄
revolver	🔫
revulsion	🤢
reward	🎁
reykjavik	🇮🇸
rhea	🐦
rhetoric	🏛️
rhino	🦏
rhinoceros	🦏
rhododendron	🌺
rhythm	🎵
rib	🦴
ribbon	🎁
ribbon	🎗️
ribs	🍖
rice	🍚
riches	💰
riddle	🔮
riddle	🧩
ridge	⛰️
ridiculous	🤡
riesling	🍷
riff	🎸
rifle	🔫
rig	🚛
riga	🇱🇻
right	➡️
righteousness	😇
rightward	➡️
ring	⭕
ring	💍
ring	📞
ringed	🪐
ringer	🔔
ringmaster	🎪
ringtone	📞
rinse	🧼
rio	🇧🇷
ripple	🌊
risotto	🍚
rite	🔔
ritual	📋
ritual	🔔
rivalry	⚔️
river	🏞️
rivet	🔩
rivulet	🏞️
riyadh	🇸🇦
roach	🐟
roach	🪲
roadwork	🚧
roam	🗺️
roam	🚶
roast	🍖
roast	🔥
robe	👘
robin	🐦
robot	🤖
robustness	💪
rock	🌍
rock	🧱
rockery	🌷
rocket	🚀
rocket	🥬
rockface	🧗
rockfall	🏔️
rockingchair	🪑
rod	🎣
rodent	🐭
rollerblade	🛼
rollercoaster	🎢
rollerskate	🛼
roman	🇮🇹
romance	💑
romania	🇷🇴
romanian	🇷🇴
rome	🇮🇹
roof	🏠
roofer	👷
rook	♟️
rook	🦅
rooster	🐓
rope	🪢
rosary	📿
rose	🌹
rose	🍷
rose	🩷
rosette	🎗️
rotary	☎️
rotate	🔄
rotation	🔁
rottweiler	🐕
round	⭕
round	🎈
round	💥
round	🔄
roundabout	🚦
rouse	⏰
route	🗺️
route	🧭
router	🛜
routine	📋
rowboat	🛶
rowing	🚣
royal	👑
rsvp	💌
rub	✋
rubber	✏️
rubbish	💩
rubbish	🗑️
ruby	🔴
ruby	🟥
rucksack	🧳
rugby	🏉
ruin	🏚️
ruler	📏
ruling	👨‍⚖️
rum	🥃
rumination	💭
rummy	🃏
run	🏃
rung	🪜
runnerup	🥈
running	🏃
runway	🛫
rush	🏃
russia	🇷🇺
russian	🇷🇺
rustle	🍃
rutabaga	🥦
rye	🌾
rye	🍞
sabre	⚔️
sabre	🤺
sacrament	🔔
sacred	🌟
sadness	😔
sadness	😢
sadrelieved	😥
safari	🇰🇪
safeguard	🛡️
safety	🧯
safetypin	🧷
saga	📖
sagacity	🧠
sahara	🏜️
sahel	🌍
saigon	🇻🇳
sailboat	⛵
sailor	⚓
saintly	😇
sake	🍶
sakura	🌸
salah	🕌
salamander	🦎
salary	💼
salesman	🛍️
saleswoman	🛍️
salmon	🩷
salon	💈
saloon	🍺
salsa	💃
salt	🧂
salutation	👋
salvage	♻️
salvation	😇
sample	🌟
sample	🧫
sanatorium	🏥
sanctity	🌟
sanctuary	🛕
sand	🏜️
sand	🏝️
sandals	👡
sandbar	🏝️
sander	⚒️
sandpiper	🐦
sandstone	🧱
sandwich	🥪
sangria	🍹
sanitizer	🧴
sanskrit	🔤
santa	🧑‍🎄
santiago	🇨🇱
saopaulo	🇧🇷
sapling	🌱
sapphire	🔵
sapphire	🟦
sardine	🐟
sari	👘
sari	🥻
sarong	👘
sash	🪟
sashimi	🍣
satan	😈
satchel	🎒
satchel	👜
satellite	🛰️
satin	🧵
satire	🎭
satisfaction	😌
satsuma	🍊
saturate	💧
saturday	🛋️
saturn	🪐
saucepan	🍲
saucer	🍽️
saucer	🛸
saudi	🇸🇦
saunter	🚶
sauropod	🦕
sausage	🌭
saute	🍳
savanna	🌾
save	💾
savings	🏦
savour	😋
saw	🪚
sax	🎷
saxophone	🎷
say	🗣️
saying	💬
scaffold	🏗️
scaffolder	👷
scale	⚖️
scale	🧗
scallion	🧅
scallop	🐚
scalp	🦻
scamper	🏃
scan	📖
scan	🩻
scandinavia	🌍
scanner	🖨️
scarab	🐞
scarcity	🏚️
scarf	🧣
scarlet	🔴
scene	🎬
scenery	🏞️
scent	👃
schedule	📅
schedule	🗓️
scheme	📋
scholar	📚
scholarship	📚
school	🏫
schoolbag	🎒
schoolhouse	🏫
schooner	⛵
science	🔬
scientific	🔬
scientist	👩‍🔬
scimitar	⚔️
scissors	✂️
scold	👎
scommis	🧑‍🍳
sconce	💡
scooter	🏍️
scorch	🔥
score	✅
score	🎼
scorpion	🦂
scotch	🥃
scotland	🇬🇧
scottish	🇬🇧
scour	🔍
scour	🧼
scourer	🧽
scowl	😠
scramble	🍳
scramble	🧗
scrap	🗑️
scrapbook	📔
scrape	🤕
scree	🧗
screen	🖥️
screen	🪟
screening	📽️
screenplay	🎬
screenwriter	✍️
screw	🔩
screwdriver	🪛
scribble	✍️
scribble	📝
script	🔡
scripture	✝️
scripture	📖
scroll	📜
scroll	🖱️
scrub	🧹
scrubber	🧽
scrubland	🌲
scrum	🏉
scrutinize	🔍
scullery	🍳
sculling	🚣
sculpt	🔨
sculptor	🎨
sculpture	🗿
scurry	🏃
sea	🌊
seahorse	🦧
seal	🔒
seal	🦭
sealion	🦭
seam	🪡
seaman	⚓
seaplane	🛩️
sear	🔥
search	🔍
seashell	🐚
seashore	🏝️
seaside	🏝️
season	🌗
seasonal	🌗
seasoning	🧂
seastar	⭐
seat	🪑
seated	🪑
seaweed	🌊
secateurs	✂️
second	⏰
second	🥈
secret	🔐
secret	🔮
secretary	🧑‍💼
section	🧱
secure	🪢
security	🔒
security	🛡️
sedan	🚗
sediment	🌍
sedimentary	🪨
seed	🌱
seeder	🚜
seedling	🌱
seek	🔍
seething	😡
segment	🧱
segregate	✂️
seismic	🌍
seize	✊
seldom	📉
selfconscious	😳
selfishness	💰
selflessness	🤲
semester	📅
semi	🚛
semiconductor	🧮
seminar	🏫
seminar	💬
seminary	🏛️
senate	🏛️
senator	🧑‍⚖️
senior	🧓
sentence	💬
sentence	🔨
sentimental	🥲
seoul	🇰🇷
separate	✂️
sepia	🟤
september	🗓️
sequence	🔁
sequoia	🌲
seraph	👼
serbia	🇷🇸
serbian	🇷🇸
serenade	🎤
serendipity	🎲
serene	😌
serengeti	🇰🇪
serenity	🕊️
serenity	😌
sergeant	🪖
series	🔁
sermon	⛪
sermon	📖
serpent	🐍
serum	🧴
serve	🎾
server	💻
serverfarm	☁️
service	🔧
serving	🍽️
servo	🦾
set	🧰
setback	💔
setsquare	📐
settee	🛋️
settings	⚙️
settlement	🏘️
setup	⚙️
sever	✂️
sew	🧵
sewing	🧵
shabbat	🕍
shack	🏚️
shackle	🔗
shade	🌑
shade	🎨
shade	🖌️
shades	🕶️
shadow	🌑
shaft	🔦
shake	🤝
shaker	🧂
shallot	🧅
shampoo	🧼
shamrock	🍀
shanghai	🇨🇳
shanty	🏚️
shape	🔨
shareholder	👔
shares	💹
shark	🦈
sharpener	✏️
shatter	💥
shavedice	🍧
shaver	🪒
shawarma	🥙
shawl	🧣
sheaf	🌾
shear	✂️
shearing	🐑
shears	✂️
shed	🏚️
sheep	🐑
sheepish	😅
sheepish	😳
sheet	📄
sheetmusic	🎼
shelf	🗄️
shell	🐚
shell	💥
shelter	🚏
shelter	🛡️
shelving	🗄️
shepherd	🧑‍🌾
sheriff	👮
sherry	🍷
shield	🏆
shield	🛡️
shift	↔️
shift	🌊
shiitake	🍄
shimmer	✨
shimmy	💃
shin	🦵
shindig	🎉
shine	🌟
shinkansen	🚄
ship	🚚
ship	🚢
shipment	📦
shirt	👕
shivering	🥶
shoal	🏝️
shocked	🤯
shoes	👞
shoot	🌱
shoot	🏹
shoot	📸
shootingstar	🌟
shop	🏪
shop	🏬
shopkeeper	🛍️
shore	🏝️
shoreline	🏝️
short	🐜
shortbread	🍪
shortcake	🍰
shortfall	📉
shorts	🩳
shot	🎬
shot	💉
shotgun	🔫
shoulder	💪
shout	📣
shove	👐
shovel	🔨
shower	🌧️
shower	🚿
showerhead	🚿
shrewdness	🧠
shrimp	🦐
shrine	⛪
shrine	🎗️
shrine	🛕
shrub	🌳
shrubbery	🌿
shrug	🤷
shut	🔒
shutdown	⏻
shutter	📸
shutter	🪟
shuttle	🚀
shuttle	🚌
shuttlecock	🏸
siam	🇹🇭
siberia	🇷🇺
siberia	🌍
sibling	👨‍👦
sibling	👬
sibling	👭
sicily	🇮🇹
sickened	🤢
sideboard	🗄️
sideburn	🦰
sidesplitting	🤣
sideways	↔️
siege	⚔️
sigh	🙄
sighing	😮‍💨
sign	🔍
signal	👋
signal	📶
signal	🔍
signal	🚦
signature	✍️
signet	💍
significant	👫
silence	🤫
silicon	🧮
silk	🧵
sill	🪟
silly	🙃
silo	🏡
silt	🏜️
silver	⬜
silver	💍
silver	🥈
silver	🩶
silverware	🍴
silvery	🥈
simmer	♨️
simplicity	⚪
sincerity	⚖️
sinew	💪
sing	🎤
singapore	🇸🇬
singaporean	🇸🇬
singe	🔥
singer	🎤
singing	🎤
single	💿
singlet	🎽
singularity	🕳️
sink	⬇️
sink	🚰
sinkhole	🕳️
sinus	👃
sinusitis	🤧
sip	🥤
siren	🚨
sister	👨‍👦
sister	👭
sit	🪑
site	🏗️
site	📍
sitting	🪑
sizzle	🍳
skateboard	🛹
skein	🧶
skeleton	🦴
skeletonkey	🗝️
skepticism	❓
sketch	🎨
sketchbook	📔
sketching	✏️
ski	🎿
skiing	🎿
skillet	🍲
skim	📖
skin	🖐️
skink	🦎
skip	⏭️
skip	🤸
skipper	⚓
skirmish	⚔️
skirt	👗
skittles	🎳
skull	🦴
skydive	🪂
skydiving	🪂
skylight	🪟
skyscraper	🏢
slab	🧊
slacks	👖
slalom	🎿
slang	🔤
slanting	🔀
slap	👊
slate	🧱
slate	🩶
slate	🪨
sledding	🛷
sledgehammer	🔨
sleep	💤
sleeper	🛤️
sleepy	😴
sleet	🌨️
sleeve	🪡
slender	📐
sleuth	🕵️
slice	✂️
slice	🧱
slide	↔️
slide	📊
slideshow	📊
slim	📐
sling	🎯
sling	🩹
sloe	🍇
sloop	⛵
slot	📮
sloth	🦥
slotmachine	🎰
slovak	🇸🇰
slovakia	🇸🇰
slovenia	🇸🇮
slovenian	🇸🇮
slug	🐌
slug	🐛
sluggish	😴
slumber	💤
slump	📉
slush	🌨️
slush	🥤
sly	😏
smack	👊
small	🔬
smartphone	📱
smash	💥
smell	👃
smile	😊
smiley	😁
smirk	😊
smitten	😍
smitten	😚
smog	🌫️
smoke	🌫️
smokedetector	🧯
smooch	💋
smoothie	🧃
smother	🧯
snail	🐌
snake	🐍
snap	📸
snapper	🐟
snapshot	📸
snare	🥁
snare	🪤
snatch	✊
sneakers	👟
sneeze	🤧
snicker	😂
sniff	👃
sniffle	😢
sniffle	🤧
snip	✂️
snips	✂️
snooker	🎱
snoop	🕵️
snooze	💤
snout	🐾
snow	⚪
snowball	☃️
snowboarding	🏂
snowcap	🏔️
snowcone	🍧
snowfall	🌨️
snowflake	🌨️
snowman	☃️
snowy	🌨️
snug	🤗
snuggle	🫂
soak	💧
soak	🛁
soap	🧼
sob	😢
soba	🍜
soccer	⚽
society	👥
socket	🔌
socks	🧦
sod	🌳
soda	🥤
sofa	🛋️
sofia	🇧🇬
soft	🥤
softball	🥎
softserve	🍦
software	👨‍💻
soil	🪱
solar	☀️
soldier	🪖
sole	🐟
sole	🦶
solicitor	👩‍⚖️
solidarity	🤝
soliloquy	🎭
solitaire	🃏
solution	🗝️
solution	🧪
somersault	🤸
son	👨‍👦
sonar	📡
song	🎵
songbird	🐦
songwriter	🎼
soon	🔜
soot	🔥
soothe	🩹
soothed	😌
sorbet	🍨
sorrow	😔
sorrow	😢
sorrowful	😔
sound	📡
soundbar	📻
soundboard	🎚️
sourdough	🍞
souschef	🧑‍🍳
south	🧭
southafrica	🇿🇦
southward	🧭
sovereign	👑
sovereignty	🌍
sow	🐖
sowing	🌾
soybean	🫘
spa	💈
space	🚀
spacecraft	🚀
spaceflight	🚀
spaceinvader	👾
spaceplane	🚀
spaceship	🚀
spacewalk	👨‍🚀
spade	🔨
spaghetti	🍝
spain	🇪🇸
span	⏱️
spaniel	🐕
spanish	🇪🇸
spanner	🔧
spare	🎳
spark	🔥
spark	🧨
sparkle	✨
sparkling	🥂
sparring	🥊
sparrow	🐦
spatter	💦
spatula	🥄
speak	🗣️
speaker	🔊
speaking	🗣️
spear	🔪
specialist	🧑‍⚕️
species	🧬
specimen	🌟
specimen	🧫
spectacles	👓
spectrum	🌈
spectrum	🔆
speech	🗣️
speechless	😶
speed	🏃
speedboat	🚤
spelling	🔤
spending	💸
spent	😩
sperm	🐋
sphere	⭕
spice	🧂
spider	🕷️
spigot	🚰
spike	🏐
spill	🫗
spin	🔄
spinach	🥬
spine	🦴
spine	🦿
spiral	➰
spire	🗼
spirit	👻
spirit	🥃
spite	😈
splash	💦
spleen	🦾
splendor	✨
splice	🎬
splint	🩹
split	✂️
split	🪓
sponge	🍰
sponge	🧽
spoof	🎭
spooked	😨
spooky	👻
spool	🧵
spoon	🍴
spore	🍄
sportscar	🏎️
sportswear	🎽
spot	📍
spot	🔎
spouse	👫
sprain	🤕
sprawl	🛌
spray	💦
spray	💨
spray	🧴
spreadsheet	📊
spring	🌸
spring	💧
spring	🕰️
spring	🤸
springtime	🌸
sprinkle	💦
sprinkler	💧
sprinkler	🧯
sprint	🏃
sprocket	⚙️
sprout	🌱
spruce	🌲
spruce	🎄
spud	🥔
spurn	🙅
spurned	💔
spy	🕵️
squabble	🗯️
squadron	🎖️
squall	⛈️
square	⛲
square	🔷
squash	🎃
squash	🧃
squat	🏋️
squid	🐙
squirrel	🐿️
squirt	💦
ssd	💽
stab	🔪
stability	🗿
stable	🏚️
stable	🏡
stadium	🏟️
staff	💼
stag	🦌
stage	🎭
stagnation	💤
stain	🖌️
staircase	🪜
stairs	🪜
stairway	🪜
stakeholder	👔
stalk	🌾
stallion	🐴
stamina	⏳
stamp	🦵
stand	🧍
standard	🏳️
standby	⏻
standing	🧍
staple	📎
staple	🧷
star	⭐
stardom	🌟
stare	👀
starfish	⭐
stargazing	🔭
starlight	✨
starling	🐦
starofdavid	✡️
starstruck	🤩
start	▶️
startup	💼
state	🗣️
statement	🗨️
statement	🧾
statesman	🧑‍⚖️
static	⚡
station	📻
station	🚉
stationery	✉️
statistics	📊
statue	🗿
statute	⚖️
stave	🎼
stay	🏠
steadiness	🗿
steak	🍖
steam	♨️
steam	💨
steamer	🚢
steamtrain	🚂
steed	🐴
steel	⬛
stellar	⭐
stencil	📐
step	🪜
stepchild	👨‍👩‍👧‍👦
stepfather	👨‍👩‍👧‍👦
stepladder	🪜
stepmother	👨‍👩‍👧‍👦
steps	🪜
stepstool	🪜
stereo	📻
sterling	💷
stew	♨️
stew	🍲
steward	✈️
stewardess	✈️
stick	🏒
stiletto	🗡️
stilettos	👠
stilllife	🖼️
stillness	🕊️
stimulus	🏛️
stingray	🦈
stipend	💼
stir	🥄
stitch	🧵
stitch	🪡
stitching	🧵
stock	📦
stocker	🚚
stockholm	🇸🇪
stockings	🧦
stockmarket	💹
stockpot	🍲
stomach	🫃
stomp	🦵
stone	🧱
stool	🪑
stop	🛑
stopwatch	⏲️
storage	💾
store	🏬
stork	🦆
storm	⚔️
story	📖
storybook	📙
storytelling	📖
stout	🍺
stove	🍳
stow	📦
straightedge	📏
strain	🌡️
strained	😫
strand	🦻
stranger	👣
strata	🌍
strategy	🎯
strategy	📋
stratus	☁️
straw	🌾
strawberry	🍓
streak	➖
stream	🎥
stream	🏞️
streamer	🎏
streamers	🎊
streetcar	🚎
strength	💪
stress	🌡️
stretch	😴
stretching	🧘
stride	🚶
strike	🎳
strike	👊
strike	📢
striker	⚽
string	🪢
strings	🎻
stripe	➖
stroke	✋
stroke	🖌️
stroll	🚶
strolling	🚶
stronghold	🏰
structural	🏗️
structure	⚖️
structure	🏢
strudel	🥧
struggle	😣
struggle	🧗
struggling	😣
strum	🎸
stubble	🦰
student	🧑‍🎓
studio	🎙️
studio	🏢
studio	🖼️
study	📖
study	📚
study	🛋️
stuff	📦
stuffedanimal	🧸
stump	🪵
stunned	😲
stunned	😵
style	🎵
stylist	💇
sub	🥪
subatomic	⚛️
subject	❓
submarine	🚢
submit	🏳️
subpoena	🧑‍⚖️
subtract	➖
subtraction	➖
suburb	🏙️
subway	🚇
subwoofer	🔊
success	🎓
succession	🔁
succulent	🌵
sudoku	🧩
suds	🫧
suffrage	🗳️
suit	👔
suitcase	🧳
sulky	😒
sullen	😒
sultana	🍇
sum	➕
sum	📊
summary	📋
summer	☀️
summertime	☀️
summit	⛰️
summon	🪄
sunbeam	☀️
sundae	🍨
sunday	🛋️
sundial	🕰️
sundress	👗
sunflower	🌻
sunglasses	🕶️
sunhat	👒
sunlight	☀️
sunny	☀️
sunny	😊
sunrise	🌅
sunscreen	🧴
sunset	🌇
sunshine	☀️
sunspot	☀️
sunup	🌅
supercar	🏎️
supermarket	🏬
superstition	🧿
supervisor	🧑‍💼
supper	🍽️
supplement	➕
supplement	💊
supply	📦
supplychain	🚚
support	🤝
surcharge	💲
surety	✅
surf	🌊
surfboard	🏄
surfing	🏄
surge	🌊
surgeon	⚕️
surgeon	🧑‍⚕️
surplus	📈
surprise	🎁
surrender	🏳️
surrender	😞
surveil	🕵️
surveillance	🔐
sushi	🍣
suspend	🛑
sustainability	🌐
sustenance	🍽️
suv	🚙
swagger	😎
swahili	🇰🇪
swallow	🍽️
swallow	🐦
swallowtail	🦋
swamp	🌾
swan	🦢
sway	💃
swearing	🤬
sweat	😓
swede	🥦
sweden	🇸🇪
swedish	🇸🇪
sweep	🧹
sweeper	🧹
sweet	🍬
sweetcorn	🌽
sweetheart	🥰
sweetpotato	🍠
swell	🌊
sweltering	🥵
swift	🐦
swiftness	🏃
swim	🏊
swimming	🏊
swimmingcostume	👙
swimsuit	👙
swimwear	👙
swine	🐗
swirl	🔄
swiss	🇨🇭
switch	🔌
switch	🛜
switzerland	🇨🇭
sword	⚔️
swordfish	🐟
sydney	🇦🇺
syllabus	🏫
symptom	🩺
synagogue	⛪
synagogue	🕍
sync	🖇️
synergy	🤝
syntax	🔤
synth	🎹
synthesizer	🎹
syria	🇸🇾
syrian	🇸🇾
syringe	💉
syrup	🍯
sysadmin	👨‍💻
system	⚖️
system	🛠️
tabby	🐈
tabernacle	🛕
tabla	🪘
tablet	💊
tabletennis	🏓
tabletop	🎲
tack	📌
tackle	🎣
taco	🌮
tadpole	🐸
taekwondo	🥋
tagalog	🇵🇭
tagine	🥘
tagliatelle	🍝
tail	🐾
tailor	🛍️
take	🎬
take	🫴
tale	📖
talisman	🪬
talk	💬
talking	🗣️
tall	⛰️
tallinn	🇪🇪
tally	🔢
tamarind	🍇
tamil	🇮🇳
tan	🟤
tandem	🚲
tangerine	🍊
tangerine	🟠
tango	💃
tank	🛢️
tanker	🚛
tanker	🚢
taoism	☯️
tap	🚰
tap	🤛
tapemeasure	📏
tapestry	🧵
tapeworm	🪱
tarantula	🕷️
tardy	🐌
target	🎯
tariff	💲
tarmac	🛫
tarn	🏞️
tart	🥧
taste	👅
taste	😋
tavern	🍺
tax	🧮
taxation	🧮
taxi	🚕
taxman	🧾
taxonomy	🧬
tea	🍵
teach	👨‍🏫
teacher	👨‍🏫
teaching	👩‍🏫
teacup	🍵
teal	🟢
teal	🦆
teamwork	🤝
teapot	🫖
tearful	😢
teary	😢
teary	🥹
teasing	😜
teaspoon	🥄
technician	🧑‍🔧
technician	🧑‍🔬
technique	🛠️
tectonic	🌍
teddy	🧸
tedious	🥱
tedium	🥱
tee	⛳
tee	👕
teeth	🦷
tehran	🇮🇷
telaviv	🇮🇱
telecommunication	📡
telemetry	📡
telephone	☎️
telescope	🔭
television	📺
tell	🗣️
telly	📺
temperance	🧘
temperature	🌡️
temperature	🤒
tempest	⛈️
template	📐
temple	⛪
temple	🛕
tempo	🎵
tempt	🧲
tempura	🍤
tenacious	💪
tenacity	⏳
tench	🐟
tender	📋
tender	🥰
tenderness	❤️
tenderness	🥰
tendon	💪
tenement	🏘️
tennis	🎾
tense	🗣️
tense	😬
tension	🌡️
tent	🎪
tequila	🥃
term	💬
term	📅
terminal	🖥️
terminal	🚉
terminal	🛫
terminate	🛑
termite	🐜
tern	🐦
terrace	🚪
terrain	🏞️
terrapin	🐢
terrier	🐕
terrified	😨
territory	🌍
terror	😨
test	✅
testimony	🧑‍⚖️
testtube	🧪
tetra	🐠
texas	🇺🇸
text	💬
textbook	📚
textile	🧵
tgv	🚄
thai	🇹🇭
thailand	🇹🇭
thankful	🙏
thankfulness	🙇
thaw	🧊
theater	🎬
theatre	🎬
theatre	🎭
theme	❓
theme	🎵
themepark	🎡
theology	📖
theorem	🧮
theory	💡
therapist	🧠
therapy	🧠
thermodynamics	🌡️
thermometer	🌡️
thermostat	♨️
thesis	📝
thicket	🌳
thickness	📏
thigh	🍗
thigh	🦵
thin	📐
thing	📦
think	🤔
third	🥉
thorn	🌹
thoroughness	💯
thought	💭
thought	🧠
thoughtfulness	🎁
thread	🪡
thresh	🌾
thresher	🚜
threshing	🌾
threshold	🚪
thrill	🎢
thrilled	🤩
thrive	🌱
throne	👑
throng	👯
throw	🤾
thrush	🐦
thrust	👐
thumb	👆
thumbdrive	💽
thumbtack	📌
thunder	⛈️
thunderbolt	🌩️
thunderstorm	⛈️
thursday	📅
thwart	🚧
tiara	👑
tibia	🦴
tick	🐜
ticket	🎫
tidalwave	🌊
tide	🌊
tidying	🧹
tie	👔
tie	🔗
tie	🪢
tiger	🐯
tighten	🪛
tightlipped	😶
tights	🧦
tigress	🐯
tiller	🚜
tilth	🪱
timber	🪵
time	⏰
timepiece	🕰️
timer	⏲️
timetable	📅
tin	⬜
tinned	🥫
tint	🎨
tint	🖌️
tiny	🔬
tip	🫗
tipsy	🥴
tissue	🦾
tissue	🧬
tissue	🧻
titter	😆
tnt	🧨
toad	🐸
toadstool	🍄
toast	🍞
toast	🔥
toast	🥂
toastie	🥪
tobogganing	🛷
today	📅
toddler	👶
toe	🦶
toenail	🦶
toffee	🍬
toga	👘
toilet	🚽
toiletpaper	🧻
token	🎲
token	🪙
tokyo	🇯🇵
toll	💲
tomato	🍅
tomb	⚰️
tombstone	🪦
tomcat	🐈
tome	📚
tomorrow	🔜
tomtom	🥁
tone	🎨
toner	🖨️
tongs	🥄
tongue	👅
tonight	🌙
toolbox	🧰
toolkit	🧰
tooth	🦷
toothbrush	🪥
toothpaste	🪥
toothy	😁
top	👕
top	🔝
topaz	🔶
tophat	🎩
topic	❓
topography	🗺️
topsoil	🍂
torah	🕍
torch	🔦
torchlight	🔦
torment	😖
tormented	😖
tornado	🌪️
toronto	🇨🇦
torpedo	🚀
torpor	😴
torque	⚙️
torso	👤
tortoise	🐢
toss	🗑️
toss	🤾
total	➕
total	📊
tote	👜
toucan	🐦
touch	✋
touchdown	🏈
touched	🥲
touchpad	🖱️
tour	🗺️
tournament	🏆
tourniquet	🩹
towel	🧻
tower	🏢
towering	⛰️
town	🏘️
townhall	🏛️
township	🏘️
toy	🧸
trace	🔍
track	💿
track	🧭
trackball	🖲️
trackpad	🖱️
tracksuit	🎽
tractor	🚜
trade	🛒
trader	💰
tradesman	🛠️
tradition	🔔
trafficlight	🚦
tragedy	🎭
trail	🧭
trailmix	🥜
train	👨‍🏫
train	🚂
trainee	🧑‍🎓
trainer	🏋️
trainers	👟
trainman	🚂
trajectory	🛰️
tram	🚎
tramp	🚶
trample	🦵
tranquil	😌
tranquility	🕊️
tranquility	😌
transaction	💳
transcript	📃
transcript	📜
transfer	↔️
transformation	🌊
transfusion	🩸
transience	⏱️
transistor	🧮
transit	🚏
transition	🌊
translation	🈶
transmission	📡
transmitter	📡
transparency	⚪
transplant	🌱
transport	🚚
transylvania	🇷🇴
trap	🪤
trapeze	🎪
trapper	🏹
trash	🗑️
trashcan	🗑️
trattoria	🍽️
travel	🗺️
treachery	🎭
treacle	🍯
tread	🪜
treasure	💰
treasurer	🧾
treasury	🏦
treaty	🕊️
trebuchet	🎯
tree	🌳
trefoil	🍀
trek	🗺️
trekking	🚶
trellis	🌷
trench	🛡️
trenchcoat	🧥
trepidation	😨
trepidation	😰
trex	🦖
trial	👨‍⚖️
triangle	📐
triangle	🔺
tributary	🏞️
triceps	💪
trickery	🎭
trickle	💧
tricycle	🚲
trident	🔪
trifle	🥧
trigonometry	📐
trilby	🎩
trim	✂️
trimmer	🪒
trinket	🪆
trip	🗺️
triumph	🎓
triumph	🏆
triumphant	😤
trolley	🛒
trolleybus	🚎
trooper	👮
trooper	🪖
trophy	🏆
tropics	🌍
trouble	🚧
trousers	👖
trout	🐟
trowel	🔨
truce	🕊️
truck	🚛
trucker	🚕
trudge	🚶
truffle	🍄
truffle	🍫
trumpet	🎺
trumpeter	🎻
truncheon	🏏
trunk	🧳
trunks	🩳
trust	🕯️
trust	🤝
trusting	🤝
truth	✅
try	🏉
tshirt	👕
tsunami	🌊
tub	🚿
tub	🪣
tub	🫙
tube	🚇
tube	🧴
tuber	🥔
tuesday	📅
tug	🫸
tulip	🌷
tumbler	🥛
tumbling	🤸
tune	🎵
tune	🎶
tune	🔧
tuner	📻
tunic	👚
tupperware	🫙
turboprop	✈️
tureen	🍽️
turf	🌳
turkey	🇹🇷
turkey	🦃
turkish	🇹🇷
turmoil	💥
turn	🔄
turnip	🥦
turnover	📈
turnover	🥧
turnpike	🛣️
turquoise	🔵
turret	🏰
turtle	🐢
tuscany	🇮🇹
tusker	🐘
tutor	👨‍🏫
tutor	🧑‍🏫
tutorial	🏫
tutoring	🧑‍🏫
tv	📺
tweak	🤏
tweed	🧵
twig	🪵
twilight	🌇
twin	👭
twine	🪢
twinkle	✨
twirl	🔄
twister	🌪️
typesetter	📰
typhoon	🌪️
typing	⌨️
tyrannosaurus	🦖
uae	🇦🇪
udon	🍜
ufo	🛸
ukraine	🇺🇦
ukrainian	🇺🇦
ukulele	🎸
ultrasound	🩻
umber	🟤
umpire	📣
unbar	🔓
unbolt	🔓
uncertain	😕
uncertainty	❓
uncertainty	🤷
uncle	👨‍👩‍👧‍👦
uncomfortable	😬
uncover	🔎
undergraduate	🧑‍🎓
underground	🚇
undergrowth	🌿
underneath	⬇️
underpants	🩲
understand	💡
understanding	🧠
undertow	🌊
underwear	🩲
underwhelmed	🫤
unease	😟
uneasy	😟
uneasy	😬
unfasten	✂️
unfasten	🔓
unfasten	🪛
unfazed	😎
unhappy	😔
unicorn	🦄
unicycle	🚲
uniform	👕
unimpressed	🫤
uninterested	🥱
union	🤝
uniqueness	🎨
unite	🔗
unitedstates	🇺🇸
unity	🤝
universe	🌌
university	🏫
unload	📦
unlock	🔓
unmoved	😑
unpack	📦
unscrew	🪛
unsure	😕
unsure	🤷
upbeat	😊
upcoming	🔜
upheaval	💥
uplifted	🌟
upload	🖇️
uppercut	🥊
uppermost	🔝
upright	🧍
upshot	⚖️
upward	⬆️
uranus	🪐
urdu	🇵🇰
url	🌐
urn	🏺
usa	🇺🇸
usb	💽
utensil	🍴
utter	🗣️
utterance	🗣️
vacate	🚪
vacation	🎊
vaccination	💉
vaccine	💉
vacuuming	🧹
valance	🪟
vale	🏕️
valley	🏕️
valor	🛡️
valve	🚰
van	🚐
vancouver	🇨🇦
vanity	🪞
vanquish	🏆
vapor	💨
variable	🧮
vase	🏺
vast	🔎
vat	🛢️
vat	🧮
vault	⚰️
vault	🏦
vault	🤸
veal	🍖
vector	🧮
vegetable	🍅
vehicle	🚗
vein	🩸
velociraptor	🦖
velodrome	🏟️
velvet	🧵
vendor	🛍️
venice	🇮🇹
venison	🍖
ventilator	🌡️
ventricle	🫀
venture	💼
venus	🪐
veranda	🚪
verdict	👨‍⚖️
verdure	🌿
vermilion	🔴
vermin	🐀
vernacular	🔤
verse	🎶
vertebra	🦴
vertical	↕️
vessel	🎒
vessel	🚢
vessel	🪣
vestibule	🚪
vet	🐕
veteran	🪖
veterinarian	🐕
vexation	😠
vexed	😠
vhs	📼
viaduct	🌉
vial	🧴
vibrant	🌈
vicar	⛪
vice	🗜️
vice	🧰
vicinity	🌍
victory	🎓
victory	🏆
videogame	🎮
videotape	📼
vienna	🇦🇹
vietnam	🇻🇳
vietnamese	🇻🇳
view	👀
vigil	🕯️
vigor	⚡
vigor	💪
villa	🏡
village	🏘️
vilnius	🇱🇹
vindaloo	🍛
vindictiveness	😈
vine	🪴
vineyard	🍎
vintner	🧑‍🌾
vinyl	💿
viola	🎻
violet	🌺
violet	🟣
violin	🎻
violinist	🎻
viper	🐍
viridian	🟢
virtue	😇
virtuous	😇
virus	🩺
visa	🛂
vision	👁️
visitor	👣
visor	🛡️
vista	🏞️
visualization	📊
vitality	⚡
vitamin	💊
vivid	🌈
vixen	🦊
vocabulary	🔤
vocalist	🎤
vocals	🎤
vocation	💼
vodka	🥃
voicemail	📞
volcano	🌋
volcanology	🌋
volley	🎾
volleyball	🏐
voltage	⚡
volume	📚
volume	🔊
volunteer	🙋
vomit	🤢
vortex	🌪️
vote	🗳️
votive	🕯️
voucher	🏷️
voyage	🗺️
vulnerable	🥺
vulture	🦅
wacky	🙃
wacky	🤪
wade	🏊
wafer	🍪
waffle	🥞
waffle	🧇
wage	💼
wager	🎰
wagon	🚋
wail	😢
wail	😭
waist	👤
waistcoat	👔
wait	⏳
wake	⏰
wake	⚰️
wales	🇬🇧
walk	🚶
walking	🚶
walkway	🏡
wall	🧱
wallaby	🦘
wallart	🖼️
wallet	👛
walnut	🌰
walrus	🦭
waltz	💃
wan	🛜
wander	🗺️
wander	🚶
waning	🌘
war	⚔️
warble	🎤
warbler	🐦
ward	🏥
ward	🧑‍🦽
wardrobe	👕
wardrobe	🗄️
warehouse	🏭
warehouse	📦
warehouseman	🚚
warhead	🚀
warmhearted	🤗
warmth	❤️
warmth	🥰
warplane	🚁
warrant	🚔
warsaw	🇵🇱
warship	🚢
warthog	🐗
wash	🧼
washbasin	🚰
washer	🔩
washington	🇺🇸
washroom	🚿
wasp	🐝
waste	🗑️
wastebasket	🗑️
wasteland	🏜️
watch	👀
water	💧
watercolour	🎨
waterfall	🏞️
watering	💧
waterlily	🪷
watermelon	🍉
waterpolo	🤽
wave	🌊
wave	🏄
wave	👋
wavelength	🌊
waver	🕯️
wavy	〰️
waxing	🌘
wealth	💰
weariness	🔋
weariness	😩
weary	😩
weather	🌤️
weave	🪡
weaving	🧵
web	🌐
web	🕸️
webbing	🕷️
webcam	🎥
webmaster	👨‍💻
webpage	🌐
website	🌐
wedding	💍
wedding	💒
wedge	🔺
wednesday	📅
weed	🐛
week	📆
weekday	💼
weekend	🛋️
weep	😢
weepy	😢
weevil	🐞
weigh	⚖️
weighingscale	⚖️
weightless	🪶
weightlifting	🏋️
weighty	🪨
welcome	🤗
welcoming	🤗
welder	🧑‍🔧
well	💧
wellbeing	😌
wellington	🇳🇿
wellingtons	👢
wellness	🩺
welsh	🇬🇧
west	🧭
westward	🧭
wetland	🌾
whack	👊
whale	🐳
wharf	🌉
whatever	😐
wheat	🌾
wheel	🏺
wheelchair	♿
wheeze	🤧
wheeze	🫁
whelk	🐚
whereabouts	📍
whimper	😢
whip	⛓️
whirl	🔄
whirlpool	🌊
whirlwind	🌪️
whisk	🥄
whisker	🐾
whiskey	🥃
whisky	🥃
whisper	🤫
whist	🃏
white	⚪
whittle	🔨
wholesale	🛒
wholesome	😇
wick	🕯️
wickedness	😈
wicker	🧺
wicket	🏏
wide	📐
widget	📦
width	📏
wiener	🌭
wife	👫
wifi	📶
wilderness	🏞️
wildfire	🔥
wildlife	🐾
win	🏆
wind	🌬️
windbreaker	🧥
window	🪟
windsock	🎏
windswept	🍃
windy	🌬️
wine	🍷
wing	🍗
wing	🐦
winner	🥇
winter	❄️
wipe	🧹
wireless	📶
wiring	🔌
wisdom	📚
wisdom	🧠
wish	🌠
wistful	🥲
withdraw	📤
withdraw	🚪
withdrawal	🏦
wither	☀️
witness	🧑‍⚖️
woe	😔
woeful	😔
wok	🍲
wolf	🐺
woman	👩
wonder	🔭
wonder	😲
wonderstruck	😲
wonton	🥟
woodcutter	🪓
woodland	🌳
woodpecker	🐦
woods	🌳
wool	🐑
wool	🧵
wool	🧶
woozy	😵
woozy	🥴
word	💬
workbench	🧰
workbook	📘
workday	💼
worker	🐝
worker	💼
workforce	💼
working	⚙️
workplace	💼
worksheet	📎
workshop	🏭
worksite	🏗️
workstation	💻
world	🌍
worm	🪱
wormhole	🕳️
worn	😩
worry	😰
worship	🙏
wound	🤕
wrap	🌯
wrap	🎀
wrapping	🎁
wrath	😡
wrathful	😡
wreath	💐
wreck	🏗️
wren	🐦
wrench	🔧
wrestling	🤼
wrestling	🥋
wretched	😖
wrist	✋
write	✍️
write	📝
writer	✍️
writing	📝
wyvern	🐉
xhosa	🇿🇦
xray	🩻
yacht	⛵
yak	🐄
yam	🍠
yank	🫸
yard	🏡
yardstick	📏
yarn	📖
yarn	🧶
yawn	😴
year	📆
yell	📣
yellow	🟡
yellowjacket	🐝
yen	💴
yesterday	🔙
yield	🌾
yield	🏳️
yinyang	☯️
yoga	🕉️
yogi	🧘
yoruba	🇳🇬
youngster	🧒
youth	🧒
yoyo	🪀
zagreb	🇭🇷
zany	🙃
zeal	🔥
zebra	🦓
zen	☸️
zenith	🔝
zephyr	🌬️
zigzag	〰️
zinc	⬜
zinnia	🏵️
zipper	🪡
zone	🌍
zoologist	👩‍🔬
zoology	🐾
zucchini	🥒
zulu	🇿🇦
zurich	🇨🇭
